"architecture","method","burnin_candidate","retained_draw_candidate","estimand","rhat","ess_bulk","ess_tail","mcse_mean","posterior_sd","relative_mcse","chain_count","draws_per_chain","total_draws","rhat_pass","ess_bulk_pass","ess_tail_pass","relative_mcse_pass","chain_count_pass","finite_pass","overall_pass","status","reason"
"sparse_homogeneous","st_bed_bayesc",250,250,"effect_variance",1.00149426891574,862.320725039605,1032.17322551837,0.000123929953291891,0.00366779456553893,0.0337886844743937,4,250,1000,TRUE,TRUE,TRUE,TRUE,TRUE,TRUE,TRUE,"pass",""
"sparse_homogeneous","st_bed_bayesc",250,250,"genetic_variance",1.00153363703165,1183.05239866252,966.687362860173,0.000653214991670074,0.0225103042757578,0.0290184878741754,4,250,1000,TRUE,TRUE,TRUE,TRUE,TRUE,TRUE,TRUE,"pass",""
"sparse_homogeneous","st_bed_bayesc",250,250,"residual_variance",1.00166080230655,887.294342949183,977.961353451446,0.000731120381258045,0.02173538022122,0.0336373403095226,4,250,1000,TRUE,TRUE,TRUE,TRUE,TRUE,TRUE,TRUE,"pass",""
"sparse_homogeneous","st_bed_bayesc",250,250,"heritability",1.00234465756672,1207.24748881798,1002.66403341205,0.000360592223019927,0.0125267046984543,0.0287858803811686,4,250,1000,TRUE,TRUE,TRUE,TRUE,TRUE,TRUE,TRUE,"pass",""
"sparse_homogeneous","st_bed_bayesc",250,500,"effect_variance",1.00199737750679,1682.59638857183,1870.60448579043,8.83784692105419e-05,0.00364068584479443,0.0242752253224233,4,500,2000,TRUE,TRUE,TRUE,TRUE,TRUE,TRUE,TRUE,"pass",""
"sparse_homogeneous","st_bed_bayesc",250,500,"genetic_variance",1.00093049854513,2202.95893825952,1841.34856450182,0.000473162324841875,0.0223125237125058,0.0212061320780435,4,500,2000,TRUE,TRUE,TRUE,TRUE,TRUE,TRUE,TRUE,"pass",""
"sparse_homogeneous","st_bed_bayesc",250,500,"residual_variance",1.00269314009611,1823.71844659311,1958.6915969319,0.000509857758413982,0.0217604883447925,0.0234304373291326,4,500,2000,TRUE,TRUE,TRUE,TRUE,TRUE,TRUE,TRUE,"pass",""
"sparse_homogeneous","st_bed_bayesc",250,500,"heritability",1.00183398292938,2218.07613018501,2016.01899216454,0.000262770717566547,0.0124050442906648,0.0211825698812127,4,500,2000,TRUE,TRUE,TRUE,TRUE,TRUE,TRUE,TRUE,"pass",""
"sparse_homogeneous","st_bed_bayesc",250,1000,"effect_variance",0.99969190006499,3363.15310488392,3799.15481538526,6.11997652279631e-05,0.00357535168136184,0.0171171315949127,4,1000,4000,TRUE,TRUE,TRUE,TRUE,TRUE,TRUE,TRUE,"pass",""
"sparse_homogeneous","st_bed_bayesc",250,1000,"genetic_variance",1.00032160917927,4396.18131016733,3948.50114303765,0.000340629748427421,0.022623974936815,0.0150561406374761,4,1000,4000,TRUE,TRUE,TRUE,TRUE,TRUE,TRUE,TRUE,"pass",""
"sparse_homogeneous","st_bed_bayesc",250,1000,"residual_variance",1.0010525750282,3439.24118786367,3424.68929437037,0.000374759318695469,0.0220078110297114,0.0170284685827922,4,1000,4000,TRUE,TRUE,TRUE,TRUE,TRUE,TRUE,TRUE,"pass",""
"sparse_homogeneous","st_bed_bayesc",250,1000,"heritability",1.00114875592123,4264.08112556072,4102.47506014919,0.000193658279959675,0.0126498449182746,0.0153091426188085,4,1000,4000,TRUE,TRUE,TRUE,TRUE,TRUE,TRUE,TRUE,"pass",""
"sparse_homogeneous","st_bed_bayesc",250,2000,"effect_variance",0.99987015097712,6672.24919399805,7385.03861218822,4.31499378257108e-05,0.00355898386923846,0.0121242296709099,4,2000,8000,TRUE,TRUE,TRUE,TRUE,TRUE,TRUE,TRUE,"pass",""
"sparse_homogeneous","st_bed_bayesc",250,2000,"genetic_variance",1.00011056484617,8637.42741112734,8188.44790568148,0.000241493211171043,0.0224366869918794,0.0107633186333815,4,2000,8000,TRUE,TRUE,TRUE,TRUE,TRUE,TRUE,TRUE,"pass",""
"sparse_homogeneous","st_bed_bayesc",250,2000,"residual_variance",1.00056117384997,6866.73329414649,7309.16505738988,0.000267233481217281,0.0221557958336608,0.0120615609217377,4,2000,8000,TRUE,TRUE,TRUE,TRUE,TRUE,TRUE,TRUE,"pass",""
"sparse_homogeneous","st_bed_bayesc",250,2000,"heritability",1.0004376582818,8453.99564706904,8008.54905558092,0.000137276047762124,0.0126192138295773,0.0108783359737016,4,2000,8000,TRUE,TRUE,TRUE,TRUE,TRUE,TRUE,TRUE,"pass",""
"sparse_homogeneous","st_bed_bayesc",500,250,"effect_variance",1.00300382957893,845.108497683688,954.501669105784,0.000124045991734573,0.00361291248178736,0.034334070465279,4,250,1000,TRUE,TRUE,TRUE,TRUE,TRUE,TRUE,TRUE,"pass",""
"sparse_homogeneous","st_bed_bayesc",500,250,"genetic_variance",1.00092868069545,1039.93535843251,904.863552531689,0.000678678224936364,0.0221080831863045,0.0306981939237858,4,250,1000,TRUE,TRUE,TRUE,TRUE,TRUE,TRUE,TRUE,"pass",""
"sparse_homogeneous","st_bed_bayesc",500,250,"residual_variance",1.0036434973806,953.000629931221,952.700408151403,0.000704996198221706,0.0217567589602463,0.0324035486861745,4,250,1000,TRUE,TRUE,TRUE,TRUE,TRUE,TRUE,TRUE,"pass",""
"sparse_homogeneous","st_bed_bayesc",500,250,"heritability",1.0035684261601,1043.07460801122,977.622017362906,0.000377321737288445,0.0122871641800451,0.0307086103644022,4,250,1000,TRUE,TRUE,TRUE,TRUE,TRUE,TRUE,TRUE,"pass",""
"sparse_homogeneous","st_bed_bayesc",500,500,"effect_variance",1.0018676623439,1651.35085723728,1921.07958460156,8.76355942030408e-05,0.00357991958247076,0.024479766146746,4,500,2000,TRUE,TRUE,TRUE,TRUE,TRUE,TRUE,TRUE,"pass",""
"sparse_homogeneous","st_bed_bayesc",500,500,"genetic_variance",1.0005149296385,2131.07361421082,1919.56831441847,0.000489509578427628,0.0226887705781578,0.0215749714926764,4,500,2000,TRUE,TRUE,TRUE,TRUE,TRUE,TRUE,TRUE,"pass",""
"sparse_homogeneous","st_bed_bayesc",500,500,"residual_variance",1.00098494298662,1883.53278445693,1766.15017831597,0.000506936876383373,0.0219992127996952,0.0230434098255732,4,500,2000,TRUE,TRUE,TRUE,TRUE,TRUE,TRUE,TRUE,"pass",""
"sparse_homogeneous","st_bed_bayesc",500,500,"heritability",1.0006940677231,2082.42972315631,2103.42494892957,0.000277098463429784,0.0126737604102299,0.021863949961222,4,500,2000,TRUE,TRUE,TRUE,TRUE,TRUE,TRUE,TRUE,"pass",""
"sparse_homogeneous","st_bed_bayesc",500,1000,"effect_variance",1.00032834632629,3319.11074293235,3680.37958754893,6.15026771817123e-05,0.00355417364847522,0.0173043534910281,4,1000,4000,TRUE,TRUE,TRUE,TRUE,TRUE,TRUE,TRUE,"pass",""
"sparse_homogeneous","st_bed_bayesc",500,1000,"genetic_variance",1.00011243792037,4362.96062677344,4142.62010636095,0.000342046341517468,0.0226188329163543,0.0151221923245278,4,1000,4000,TRUE,TRUE,TRUE,TRUE,TRUE,TRUE,TRUE,"pass",""
"sparse_homogeneous","st_bed_bayesc",500,1000,"residual_variance",1.00036570672699,3406.62580433851,3378.56532889142,0.000376287466254553,0.0219916445952102,0.0171104741450992,4,1000,4000,TRUE,TRUE,TRUE,TRUE,TRUE,TRUE,TRUE,"pass",""
"sparse_homogeneous","st_bed_bayesc",500,1000,"heritability",1.00027366330787,4126.34913658041,4121.32543341871,0.000196815142230888,0.0126500991297999,0.0155583873463291,4,1000,4000,TRUE,TRUE,TRUE,TRUE,TRUE,TRUE,TRUE,"pass",""
"sparse_homogeneous","st_bed_bayesc",500,2000,"effect_variance",1.00031185870365,6703.50261384987,7352.18306028195,4.26919923579676e-05,0.00352975495741749,0.0120948884194507,4,2000,8000,TRUE,TRUE,TRUE,TRUE,TRUE,TRUE,TRUE,"pass",""
"sparse_homogeneous","st_bed_bayesc",500,2000,"genetic_variance",1.00009309878986,8600.71828084368,8215.97550681332,0.000241236338983527,0.0223472960735111,0.0107948781897364,4,2000,8000,TRUE,TRUE,TRUE,TRUE,TRUE,TRUE,TRUE,"pass",""
"sparse_homogeneous","st_bed_bayesc",500,2000,"residual_variance",1.00056577421526,6864.74457981201,7268.71095602623,0.00026912959951641,0.0223148870334026,0.0120605405312407,4,2000,8000,TRUE,TRUE,TRUE,TRUE,TRUE,TRUE,TRUE,"pass",""
"sparse_homogeneous","st_bed_bayesc",500,2000,"heritability",1.00019966497194,8339.82290022623,7909.76059288223,0.000138225933495125,0.0126177458806275,0.0109548832892052,4,2000,8000,TRUE,TRUE,TRUE,TRUE,TRUE,TRUE,TRUE,"pass",""
"sparse_homogeneous","st_bed_bayesc",1000,250,"effect_variance",0.998518433776873,824.573731635361,993.773909165621,0.000121825188441594,0.00347371266880805,0.0350706002645281,4,250,1000,TRUE,TRUE,TRUE,TRUE,TRUE,TRUE,TRUE,"pass",""
"sparse_homogeneous","st_bed_bayesc",1000,250,"genetic_variance",1.00196362259485,1094.6363103066,1019.94152961922,0.0006841967999768,0.0226218793312399,0.0302449142247855,4,250,1000,TRUE,TRUE,TRUE,TRUE,TRUE,TRUE,TRUE,"pass",""
"sparse_homogeneous","st_bed_bayesc",1000,250,"residual_variance",1.00313492927607,718.55731637962,710.320116360198,0.000825170257741683,0.0222927524537491,0.0370151805818357,4,250,1000,TRUE,TRUE,TRUE,TRUE,TRUE,TRUE,TRUE,"pass",""
"sparse_homogeneous","st_bed_bayesc",1000,250,"heritability",1.00406081060118,1016.56684295685,997.78043467777,0.000399778671290106,0.012733280799045,0.0313963602624777,4,250,1000,TRUE,TRUE,TRUE,TRUE,TRUE,TRUE,TRUE,"pass",""
"sparse_homogeneous","st_bed_bayesc",1000,500,"effect_variance",0.999017619241846,1633.15962895334,1963.81445198763,8.71749386533648e-05,0.00352883061827082,0.0247036336065577,4,500,2000,TRUE,TRUE,TRUE,TRUE,TRUE,TRUE,TRUE,"pass",""
"sparse_homogeneous","st_bed_bayesc",1000,500,"genetic_variance",1.00160516015903,2207.56456654644,1937.54607035635,0.000480501783981692,0.0225520901271624,0.0213063082522432,4,500,2000,TRUE,TRUE,TRUE,TRUE,TRUE,TRUE,TRUE,"pass",""
"sparse_homogeneous","st_bed_bayesc",1000,500,"residual_variance",1.00025515090944,1546.91948642188,1649.66843591112,0.000557969240734208,0.021985240021761,0.0253792653699451,4,500,2000,TRUE,TRUE,TRUE,TRUE,TRUE,TRUE,TRUE,"pass",""
"sparse_homogeneous","st_bed_bayesc",1000,500,"heritability",1.00197952080896,2085.21157669691,1824.78432967085,0.000276417679246928,0.0126293165753863,0.0218869863303331,4,500,2000,TRUE,TRUE,TRUE,TRUE,TRUE,TRUE,TRUE,"pass",""
"sparse_homogeneous","st_bed_bayesc",1000,1000,"effect_variance",0.999538330173862,3267.40038005284,3727.46678803454,6.13293351170209e-05,0.00352827439137471,0.0173822464791706,4,1000,4000,TRUE,TRUE,TRUE,TRUE,TRUE,TRUE,TRUE,"pass",""
"sparse_homogeneous","st_bed_bayesc",1000,1000,"genetic_variance",0.999964120235637,4379.08476168075,4143.59449773695,0.0003408045281013,0.0225320032534162,0.0151253541138038,4,1000,4000,TRUE,TRUE,TRUE,TRUE,TRUE,TRUE,TRUE,"pass",""
"sparse_homogeneous","st_bed_bayesc",1000,1000,"residual_variance",1.00064140316319,3204.7437220091,3682.7581426463,0.00039223962487834,0.0222480126603182,0.0176303219018723,4,1000,4000,TRUE,TRUE,TRUE,TRUE,TRUE,TRUE,TRUE,"pass",""
"sparse_homogeneous","st_bed_bayesc",1000,1000,"heritability",0.999985771799169,4223.72463904259,3719.40860257854,0.000195684251427953,0.0127266028264936,0.0153760005003524,4,1000,4000,TRUE,TRUE,TRUE,TRUE,TRUE,TRUE,TRUE,"pass",""
"sparse_homogeneous","st_bed_bayesc",1000,2000,"effect_variance",0.99971203224193,6466.57112042929,7420.50389590205,4.29738845156396e-05,0.00349613869115316,0.012291813429594,4,2000,8000,TRUE,TRUE,TRUE,TRUE,TRUE,TRUE,TRUE,"pass",""
"sparse_homogeneous","st_bed_bayesc",1000,2000,"genetic_variance",0.999981739326522,8782.08716651412,7905.82773060379,0.000237137963697457,0.0222002349571749,0.0106817772043812,4,2000,8000,TRUE,TRUE,TRUE,TRUE,TRUE,TRUE,TRUE,"pass",""
"sparse_homogeneous","st_bed_bayesc",1000,2000,"residual_variance",1.00033698552233,6708.73088169235,7514.71918944033,0.000273232361995748,0.0224005830207956,0.0121975558288859,4,2000,8000,TRUE,TRUE,TRUE,TRUE,TRUE,TRUE,TRUE,"pass",""
"sparse_homogeneous","st_bed_bayesc",1000,2000,"heritability",1.00012266742679,8606.51384368846,7545.9973798007,0.000135325140342128,0.0125533394359528,0.0107800112497999,4,2000,8000,TRUE,TRUE,TRUE,TRUE,TRUE,TRUE,TRUE,"pass",""
"sparse_mixture","st_bed_bayesr",250,250,"effect_variance",1.01005204256991,189.579366483873,370.529652912539,3.99476705117916e-05,0.000555216131813453,0.0719497655468223,4,250,1000,FALSE,FALSE,FALSE,FALSE,TRUE,TRUE,FALSE,"fail","one or more operational thresholds failed"
"sparse_mixture","st_bed_bayesr",250,250,"genetic_variance",1.0069086737312,826.776175678342,916.876860951553,0.000814091737849549,0.023383292472215,0.034815103083404,4,250,1000,TRUE,TRUE,TRUE,TRUE,TRUE,TRUE,TRUE,"pass",""
"sparse_mixture","st_bed_bayesr",250,250,"residual_variance",1.00750659390687,873.770850302762,713.16344463251,0.000772655752101942,0.0228713070836821,0.0337827544912466,4,250,1000,TRUE,TRUE,TRUE,TRUE,TRUE,TRUE,TRUE,"pass",""
"sparse_mixture","st_bed_bayesr",250,250,"heritability",1.01062072561827,852.035353621651,1032.38133694563,0.000448333034308977,0.013081554805418,0.0342721519710556,4,250,1000,FALSE,TRUE,TRUE,TRUE,TRUE,TRUE,FALSE,"fail","one or more operational thresholds failed"
"sparse_mixture","st_bed_bayesr",250,500,"effect_variance",1.01200869495249,309.83127872509,624.505798915915,3.14118999622952e-05,0.000557255539945332,0.0563689325823065,4,500,2000,FALSE,FALSE,TRUE,FALSE,TRUE,TRUE,FALSE,"fail","one or more operational thresholds failed"
"sparse_mixture","st_bed_bayesr",250,500,"genetic_variance",1.00454839382051,1143.93472797751,1725.85562956868,0.000700241285858723,0.0237712546878659,0.0294574811070516,4,500,2000,TRUE,TRUE,TRUE,TRUE,TRUE,TRUE,TRUE,"pass",""
"sparse_mixture","st_bed_bayesr",250,500,"residual_variance",1.00118304597856,1749.37811075914,1892.73975346627,0.000535241299429926,0.0224199846722584,0.0238734016661578,4,500,2000,TRUE,TRUE,TRUE,TRUE,TRUE,TRUE,TRUE,"pass",""
"sparse_mixture","st_bed_bayesr",250,500,"heritability",1.00332979628086,1292.88248210276,1733.23468118853,0.000364245324832621,0.0130937544939276,0.0278182491508867,4,500,2000,TRUE,TRUE,TRUE,TRUE,TRUE,TRUE,TRUE,"pass",""
"sparse_mixture","st_bed_bayesr",250,1000,"effect_variance",1.00279810579323,707.717521659636,1152.85316356773,2.06001561123564e-05,0.00054875479417905,0.0375398198446261,4,1000,4000,TRUE,TRUE,TRUE,TRUE,TRUE,TRUE,TRUE,"pass",""
"sparse_mixture","st_bed_bayesr",250,1000,"genetic_variance",0.999838016128364,2450.48432237207,3680.82606067494,0.000482719494712471,0.0239352335217832,0.0201677370004831,4,1000,4000,TRUE,TRUE,TRUE,TRUE,TRUE,TRUE,TRUE,"pass",""
"sparse_mixture","st_bed_bayesr",250,1000,"residual_variance",1.00005426857074,3530.56352677289,3890.4390052298,0.000372200922766341,0.0221279786402647,0.0168203760866379,4,1000,4000,TRUE,TRUE,TRUE,TRUE,TRUE,TRUE,TRUE,"pass",""
"sparse_mixture","st_bed_bayesr",250,1000,"heritability",0.999997935187163,2635.57626986339,3625.4986553186,0.00025572209677946,0.0131321277896977,0.0194730131228297,4,1000,4000,TRUE,TRUE,TRUE,TRUE,TRUE,TRUE,TRUE,"pass",""
"sparse_mixture","st_bed_bayesr",250,2000,"effect_variance",1.00462328818339,1402.89192758488,2523.85997830603,1.495096425197e-05,0.00055740817532973,0.0268222909416889,4,2000,8000,TRUE,TRUE,TRUE,TRUE,TRUE,TRUE,TRUE,"pass",""
"sparse_mixture","st_bed_bayesr",250,2000,"genetic_variance",1.00106993176153,4805.97337303554,7328.00306736729,0.000342233609401978,0.0237423245522048,0.0144144946148585,4,2000,8000,TRUE,TRUE,TRUE,TRUE,TRUE,TRUE,TRUE,"pass",""
"sparse_mixture","st_bed_bayesr",250,2000,"residual_variance",1.00038032991121,7135.82077505109,7647.25955503888,0.000261177766959051,0.0220733359113393,0.0118322743788301,4,2000,8000,TRUE,TRUE,TRUE,TRUE,TRUE,TRUE,TRUE,"pass",""
"sparse_mixture","st_bed_bayesr",250,2000,"heritability",1.00105582817686,5033.83446979707,6541.90016646721,0.00018365164745678,0.0130301898175009,0.0140943186575929,4,2000,8000,TRUE,TRUE,TRUE,TRUE,TRUE,TRUE,TRUE,"pass",""
"sparse_mixture","st_bed_bayesr",500,250,"effect_variance",1.01890483304527,144.391237301319,249.627905214491,4.62732990305197e-05,0.000559508865324872,0.0827034241962398,4,250,1000,FALSE,FALSE,FALSE,FALSE,TRUE,TRUE,FALSE,"fail","one or more operational thresholds failed"
"sparse_mixture","st_bed_bayesr",500,250,"genetic_variance",1.0049570617968,557.617068429009,785.514466504822,0.00101387245173777,0.0241294975330828,0.0420179678564667,4,250,1000,TRUE,TRUE,TRUE,TRUE,TRUE,TRUE,TRUE,"pass",""
"sparse_mixture","st_bed_bayesr",500,250,"residual_variance",1.00135710983781,894.971675567547,949.297178173566,0.000733371439289178,0.0219661361487474,0.0333864560577714,4,250,1000,TRUE,TRUE,TRUE,TRUE,TRUE,TRUE,TRUE,"pass",""
"sparse_mixture","st_bed_bayesr",500,250,"heritability",1.00468958709592,655.29864457808,831.289072277122,0.000512828136678298,0.0131006884147339,0.0391451289003667,4,250,1000,TRUE,TRUE,TRUE,TRUE,TRUE,TRUE,TRUE,"pass",""
"sparse_mixture","st_bed_bayesr",500,500,"effect_variance",1.01714243396434,331.773758312343,448.777392886539,3.0045387370501e-05,0.000546561923950479,0.0549716071572217,4,500,2000,FALSE,FALSE,TRUE,FALSE,TRUE,TRUE,FALSE,"fail","one or more operational thresholds failed"
"sparse_mixture","st_bed_bayesr",500,500,"genetic_variance",1.00365973756452,1187.24666197924,1783.63527871411,0.000693925688719601,0.0238655325877538,0.0290764803244189,4,500,2000,TRUE,TRUE,TRUE,TRUE,TRUE,TRUE,TRUE,"pass",""
"sparse_mixture","st_bed_bayesr",500,500,"residual_variance",0.999443567454909,1754.71047544586,1843.80768038136,0.000519687994843857,0.0217748327648011,0.0238664517177799,4,500,2000,TRUE,TRUE,TRUE,TRUE,TRUE,TRUE,TRUE,"pass",""
"sparse_mixture","st_bed_bayesr",500,500,"heritability",1.00259194013993,1332.92552765127,1735.99175853337,0.000356226543424558,0.0129767205066609,0.0274511994954124,4,500,2000,TRUE,TRUE,TRUE,TRUE,TRUE,TRUE,TRUE,"pass",""
"sparse_mixture","st_bed_bayesr",500,1000,"effect_variance",1.00716967848632,767.720848580971,1381.40533734246,1.94807574379058e-05,0.000539990670691918,0.0360761000054761,4,1000,4000,TRUE,TRUE,TRUE,TRUE,TRUE,TRUE,TRUE,"pass",""
"sparse_mixture","st_bed_bayesr",500,1000,"genetic_variance",1.00251913526295,2450.37296353779,3553.83361613868,0.000482320934606494,0.0239138322975258,0.0201691192196073,4,1000,4000,TRUE,TRUE,TRUE,TRUE,TRUE,TRUE,TRUE,"pass",""
"sparse_mixture","st_bed_bayesr",500,1000,"residual_variance",1.00014743102976,3597.86202156275,3882.0515787258,0.000366133637719948,0.0219748838307749,0.016661459534416,4,1000,4000,TRUE,TRUE,TRUE,TRUE,TRUE,TRUE,TRUE,"pass",""
"sparse_mixture","st_bed_bayesr",500,1000,"heritability",1.00199571168617,2561.83063936586,3350.41662554822,0.000258351646761252,0.0130771367074321,0.0197559796568023,4,1000,4000,TRUE,TRUE,TRUE,TRUE,TRUE,TRUE,TRUE,"pass",""
"sparse_mixture","st_bed_bayesr",500,2000,"effect_variance",1.00514876128796,1437.87579304774,2629.74377316906,1.4694831486857e-05,0.000555178553456678,0.0264686584079363,4,2000,8000,TRUE,TRUE,TRUE,TRUE,TRUE,TRUE,TRUE,"pass",""
"sparse_mixture","st_bed_bayesr",500,2000,"genetic_variance",1.00139429358723,4674.83102103516,7261.95210947351,0.000347366736510856,0.0237443837744029,0.0146294273126316,4,2000,8000,TRUE,TRUE,TRUE,TRUE,TRUE,TRUE,TRUE,"pass",""
"sparse_mixture","st_bed_bayesr",500,2000,"residual_variance",0.999916713913186,7230.85950953582,7809.11999184043,0.000257653404799932,0.0219189081362711,0.0117548466920928,4,2000,8000,TRUE,TRUE,TRUE,TRUE,TRUE,TRUE,TRUE,"pass",""
"sparse_mixture","st_bed_bayesr",500,2000,"heritability",1.00115431677412,4977.9855171876,6236.31474377728,0.000184543528990297,0.0130116790487684,0.0141829143109524,4,2000,8000,TRUE,TRUE,TRUE,TRUE,TRUE,TRUE,TRUE,"pass",""
"sparse_mixture","st_bed_bayesr",1000,250,"effect_variance",1.00695333568783,206.268472722116,472.117837980454,3.73192223185145e-05,0.000546740714113471,0.068257624418966,4,250,1000,TRUE,FALSE,TRUE,FALSE,TRUE,TRUE,FALSE,"fail","one or more operational thresholds failed"
"sparse_mixture","st_bed_bayesr",1000,250,"genetic_variance",1.00234408720426,661.3289933661,976.27079730146,0.000954480137036952,0.0245935708765421,0.0388101484663765,4,250,1000,TRUE,TRUE,TRUE,TRUE,TRUE,TRUE,TRUE,"pass",""
"sparse_mixture","st_bed_bayesr",1000,250,"residual_variance",0.997316134394662,898.602644977973,976.395223653319,0.000734081665693378,0.022081759388885,0.0332438033023259,4,250,1000,TRUE,TRUE,TRUE,TRUE,TRUE,TRUE,TRUE,"pass",""
"sparse_mixture","st_bed_bayesr",1000,250,"heritability",1.00108472827716,734.783150229848,637.925823557128,0.000495621843539373,0.013481237888661,0.0367638229984978,4,250,1000,TRUE,TRUE,TRUE,TRUE,TRUE,TRUE,TRUE,"pass",""
"sparse_mixture","st_bed_bayesr",1000,500,"effect_variance",1.0026401162317,460.752948849536,875.277915119166,2.45621249400517e-05,0.000533260116775442,0.0460603074697875,4,500,2000,TRUE,TRUE,TRUE,TRUE,TRUE,TRUE,TRUE,"pass",""
"sparse_mixture","st_bed_bayesr",1000,500,"genetic_variance",1.00108271947579,1326.11060797195,1796.24860405409,0.000657188541825685,0.0239539330735369,0.0274355171573772,4,500,2000,TRUE,TRUE,TRUE,TRUE,TRUE,TRUE,TRUE,"pass",""
"sparse_mixture","st_bed_bayesr",1000,500,"residual_variance",1.00012664372176,1826.76078274308,1899.95811740713,0.000517870900376447,0.0221782854503721,0.0233503577873626,4,500,2000,TRUE,TRUE,TRUE,TRUE,TRUE,TRUE,TRUE,"pass",""
"sparse_mixture","st_bed_bayesr",1000,500,"heritability",1.00142614331615,1374.5804313951,1726.81598002684,0.00035490002177712,0.0131731482768201,0.0269411695912975,4,500,2000,TRUE,TRUE,TRUE,TRUE,TRUE,TRUE,TRUE,"pass",""
"sparse_mixture","st_bed_bayesr",1000,1000,"effect_variance",1.00243506500394,745.677211604357,1638.99897697856,2.02213422413645e-05,0.000554109557040341,0.0364934009609446,4,1000,4000,TRUE,TRUE,TRUE,TRUE,TRUE,TRUE,TRUE,"pass",""
"sparse_mixture","st_bed_bayesr",1000,1000,"genetic_variance",1.00131600900143,2418.67638600577,3693.71767801753,0.000483015970213948,0.0237497730981259,0.0203377088369768,4,1000,4000,TRUE,TRUE,TRUE,TRUE,TRUE,TRUE,TRUE,"pass",""
"sparse_mixture","st_bed_bayesr",1000,1000,"residual_variance",0.999701565101337,3626.92694911714,3729.50199871955,0.000365370201063757,0.0220304371837518,0.0165847912148212,4,1000,4000,TRUE,TRUE,TRUE,TRUE,TRUE,TRUE,TRUE,"pass",""
"sparse_mixture","st_bed_bayesr",1000,1000,"heritability",1.00102213763423,2507.33651866304,2883.07970682709,0.000259755708848023,0.0130188195208071,0.0199523242820036,4,1000,4000,TRUE,TRUE,TRUE,TRUE,TRUE,TRUE,TRUE,"pass",""
"sparse_mixture","st_bed_bayesr",1000,2000,"effect_variance",1.00476349384421,1457.09546355556,2765.72242197189,1.47034644684268e-05,0.000559878076839695,0.0262619042907028,4,2000,8000,TRUE,TRUE,TRUE,TRUE,TRUE,TRUE,TRUE,"pass",""
"sparse_mixture","st_bed_bayesr",1000,2000,"genetic_variance",1.0015636723755,4611.21857098449,6878.86743335411,0.000349078801097156,0.0236944257277416,0.0147325284481764,4,2000,8000,TRUE,TRUE,TRUE,TRUE,TRUE,TRUE,TRUE,"pass",""
"sparse_mixture","st_bed_bayesr",1000,2000,"residual_variance",0.999782399577451,7110.0542076665,7419.17552528569,0.000262286353576509,0.0221358702411392,0.0118489289428998,4,2000,8000,TRUE,TRUE,TRUE,TRUE,TRUE,TRUE,TRUE,"pass",""
"sparse_mixture","st_bed_bayesr",1000,2000,"heritability",1.00119639746829,4808.45481136153,5936.9887365252,0.000187180032621072,0.013013067455819,0.0143840054050724,4,2000,8000,TRUE,TRUE,TRUE,TRUE,TRUE,TRUE,TRUE,"pass",""
"sparse_homogeneous","st_csr_sbayesc",250,250,"effect_variance",1.00581308609294,533.87800982205,663.770999132728,8.91472906668721e-05,0.00207980741700239,0.0428632429801407,4,250,1000,TRUE,TRUE,TRUE,TRUE,TRUE,TRUE,TRUE,"pass",""
"sparse_homogeneous","st_csr_sbayesc",250,250,"genetic_variance",1.00447178400787,1253.93137441809,1037.12290318406,0.000673311075551493,0.023917713568124,0.028151147208688,4,250,1000,TRUE,TRUE,TRUE,TRUE,TRUE,TRUE,TRUE,"pass",""
"sparse_homogeneous","st_csr_sbayesc",250,250,"residual_variance",0.999881382646947,770.309187745556,874.983631454692,0.000874993400135188,0.0243649114194964,0.0359120287806601,4,250,1000,TRUE,TRUE,TRUE,TRUE,TRUE,TRUE,TRUE,"pass",""
"sparse_homogeneous","st_csr_sbayesc",250,250,"heritability",1.00122862214754,1121.34175820031,900.758159063517,0.000409083735856259,0.0137222132428582,0.0298117897321824,4,250,1000,TRUE,TRUE,TRUE,TRUE,TRUE,TRUE,TRUE,"pass",""
"sparse_homogeneous","st_csr_sbayesc",250,500,"effect_variance",1.00105032260949,1303.75662434902,1723.06910265152,5.66610955700481e-05,0.00207224900726319,0.0273428026127421,4,500,2000,TRUE,TRUE,TRUE,TRUE,TRUE,TRUE,TRUE,"pass",""
"sparse_homogeneous","st_csr_sbayesc",250,500,"genetic_variance",1.00091317063215,2579.08259584472,2086.69473861032,0.000473128811958543,0.0240509122830928,0.0196719694616799,4,500,2000,TRUE,TRUE,TRUE,TRUE,TRUE,TRUE,TRUE,"pass",""
"sparse_homogeneous","st_csr_sbayesc",250,500,"residual_variance",1.00023956569632,1462.77601167784,1671.11705700505,0.000629782911176267,0.0240034054032677,0.0262372317842256,4,500,2000,TRUE,TRUE,TRUE,TRUE,TRUE,TRUE,TRUE,"pass",""
"sparse_homogeneous","st_csr_sbayesc",250,500,"heritability",1.00183264081647,2338.55874967385,1951.01230924219,0.000284923045443841,0.0137746427729144,0.0206846050486403,4,500,2000,TRUE,TRUE,TRUE,TRUE,TRUE,TRUE,TRUE,"pass",""
"sparse_homogeneous","st_csr_sbayesc",250,1000,"effect_variance",1.00027934545472,2627.35068965995,3393.11045840625,3.93980529497485e-05,0.00203664238635575,0.0193446101356287,4,1000,4000,TRUE,TRUE,TRUE,TRUE,TRUE,TRUE,TRUE,"pass",""
"sparse_homogeneous","st_csr_sbayesc",250,1000,"genetic_variance",1.00032437656223,4777.81518295196,4131.8393285884,0.000346855649993503,0.0240125295828691,0.0144447776231354,4,1000,4000,TRUE,TRUE,TRUE,TRUE,TRUE,TRUE,TRUE,"pass",""
"sparse_homogeneous","st_csr_sbayesc",250,1000,"residual_variance",1.00010843261856,2848.32449907184,3627.81765244424,0.000452335843141866,0.0241249936249847,0.0187496772091749,4,1000,4000,TRUE,TRUE,TRUE,TRUE,TRUE,TRUE,TRUE,"pass",""
"sparse_homogeneous","st_csr_sbayesc",250,1000,"heritability",0.999593555409053,4426.41630798101,4077.85781436272,0.000207094340540561,0.0137938584906626,0.0150135178406207,4,1000,4000,TRUE,TRUE,TRUE,TRUE,TRUE,TRUE,TRUE,"pass",""
"sparse_homogeneous","st_csr_sbayesc",250,2000,"effect_variance",1.00011922263527,5089.54282850129,6722.04758858848,2.86402866557791e-05,0.00205201142158217,0.0139571770188767,4,2000,8000,TRUE,TRUE,TRUE,TRUE,TRUE,TRUE,TRUE,"pass",""
"sparse_homogeneous","st_csr_sbayesc",250,2000,"genetic_variance",1.00059850257767,9321.17775014636,8149.62267315663,0.000250395148489873,0.0242017333254028,0.0103461659180854,4,2000,8000,TRUE,TRUE,TRUE,TRUE,TRUE,TRUE,TRUE,"pass",""
"sparse_homogeneous","st_csr_sbayesc",250,2000,"residual_variance",1.00080216008352,5828.7794490008,6669.70043690948,0.000313328898317879,0.023914697089647,0.0131019388262929,4,2000,8000,TRUE,TRUE,TRUE,TRUE,TRUE,TRUE,TRUE,"pass",""
"sparse_homogeneous","st_csr_sbayesc",250,2000,"heritability",1.0002478783218,8603.87082524513,7828.12737735315,0.000150194929817717,0.0139320371369441,0.0107805433147633,4,2000,8000,TRUE,TRUE,TRUE,TRUE,TRUE,TRUE,TRUE,"pass",""
"sparse_homogeneous","st_csr_sbayesc",500,250,"effect_variance",1.00112010364263,706.722194293847,934.277060349858,7.59991486860441e-05,0.00206536995994581,0.0367968694035029,4,250,1000,TRUE,TRUE,TRUE,TRUE,TRUE,TRUE,TRUE,"pass",""
"sparse_homogeneous","st_csr_sbayesc",500,250,"genetic_variance",1.00052517332038,1337.3157615504,1018.95832421166,0.000660759094168146,0.0241916263997832,0.0273135457388705,4,250,1000,TRUE,TRUE,TRUE,TRUE,TRUE,TRUE,TRUE,"pass",""
"sparse_homogeneous","st_csr_sbayesc",500,250,"residual_variance",1.00305239237254,661.750586411934,747.711270516748,0.00091969897591633,0.023647619955185,0.0388918198812086,4,250,1000,TRUE,TRUE,TRUE,TRUE,TRUE,TRUE,TRUE,"pass",""
"sparse_homogeneous","st_csr_sbayesc",500,250,"heritability",1.00199020722762,1237.51412852125,1028.39570308574,0.00039395308781356,0.0138313345146622,0.028482652009894,4,250,1000,TRUE,TRUE,TRUE,TRUE,TRUE,TRUE,TRUE,"pass",""
"sparse_homogeneous","st_csr_sbayesc",500,500,"effect_variance",0.999958181972532,1407.24059194162,1691.44624691537,5.39486497139063e-05,0.00206303536255201,0.0261501332905758,4,500,2000,TRUE,TRUE,TRUE,TRUE,TRUE,TRUE,TRUE,"pass",""
"sparse_homogeneous","st_csr_sbayesc",500,500,"genetic_variance",0.999402386485257,2410.08887857049,1990.00081861237,0.000489043482646279,0.0240539203428225,0.020331134204999,4,500,2000,TRUE,TRUE,TRUE,TRUE,TRUE,TRUE,TRUE,"pass",""
"sparse_homogeneous","st_csr_sbayesc",500,500,"residual_variance",1.00034233845053,1462.45924853092,1673.11987870134,0.000630795941484332,0.0240584142098255,0.0262193482904918,4,500,2000,TRUE,TRUE,TRUE,TRUE,TRUE,TRUE,TRUE,"pass",""
"sparse_homogeneous","st_csr_sbayesc",500,500,"heritability",1.00040324217568,2255.3706320416,2057.57193785551,0.000290805163157857,0.0138161723255226,0.0210481713969834,4,500,2000,TRUE,TRUE,TRUE,TRUE,TRUE,TRUE,TRUE,"pass",""
"sparse_homogeneous","st_csr_sbayesc",500,1000,"effect_variance",0.999878329429371,2673.57174754375,3561.39593169504,3.9171208200275e-05,0.00204122015712682,0.0191900947399087,4,1000,4000,TRUE,TRUE,TRUE,TRUE,TRUE,TRUE,TRUE,"pass",""
"sparse_homogeneous","st_csr_sbayesc",500,1000,"genetic_variance",0.999766138391984,4724.43741610908,3974.21669578281,0.000350489285547613,0.0241361249594963,0.0145213569342958,4,1000,4000,TRUE,TRUE,TRUE,TRUE,TRUE,TRUE,TRUE,"pass",""
"sparse_homogeneous","st_csr_sbayesc",500,1000,"residual_variance",0.999710284070287,2708.99901116232,3775.76213089641,0.00046208315499553,0.0240428809688112,0.0192191258441512,4,1000,4000,TRUE,TRUE,TRUE,TRUE,TRUE,TRUE,TRUE,"pass",""
"sparse_homogeneous","st_csr_sbayesc",500,1000,"heritability",1.0001025001858,4345.1300190687,4100.98979126181,0.000210503150590865,0.0138879926527762,0.0151572049218204,4,1000,4000,TRUE,TRUE,TRUE,TRUE,TRUE,TRUE,TRUE,"pass",""
"sparse_homogeneous","st_csr_sbayesc",500,2000,"effect_variance",1.00003667345764,5243.92947916796,6899.25547824438,2.82674423884626e-05,0.00204987697530019,0.0137898238426348,4,2000,8000,TRUE,TRUE,TRUE,TRUE,TRUE,TRUE,TRUE,"pass",""
"sparse_homogeneous","st_csr_sbayesc",500,2000,"genetic_variance",1.00010941357591,9084.49523425416,8019.15832494052,0.000253450004179442,0.0241694612442683,0.0104863737597604,4,2000,8000,TRUE,TRUE,TRUE,TRUE,TRUE,TRUE,TRUE,"pass",""
"sparse_homogeneous","st_csr_sbayesc",500,2000,"residual_variance",1.00004606003633,5775.61948213335,6443.88804873215,0.000312987538511103,0.0237745690533032,0.0131648038628745,4,2000,8000,TRUE,TRUE,TRUE,TRUE,TRUE,TRUE,TRUE,"pass",""
"sparse_homogeneous","st_csr_sbayesc",500,2000,"heritability",0.999892039988788,8482.07262543062,7966.84356226974,0.000151130081241216,0.0139187222976714,0.010858042714632,4,2000,8000,TRUE,TRUE,TRUE,TRUE,TRUE,TRUE,TRUE,"pass",""
"sparse_homogeneous","st_csr_sbayesc",1000,250,"effect_variance",1.0008842990157,653.614471655983,757.781279271391,7.73527585171219e-05,0.00193873862398468,0.0398984976933812,4,250,1000,TRUE,TRUE,TRUE,TRUE,TRUE,TRUE,TRUE,"pass",""
"sparse_homogeneous","st_csr_sbayesc",1000,250,"genetic_variance",0.999246307095085,1164.08211957419,1035.96647492942,0.000705234310491493,0.0240179457042024,0.0293628072599106,4,250,1000,TRUE,TRUE,TRUE,TRUE,TRUE,TRUE,TRUE,"pass",""
"sparse_homogeneous","st_csr_sbayesc",1000,250,"residual_variance",1.00273743403203,686.763542930444,1035.6517445824,0.000916702894255577,0.0240386430809311,0.038134552402534,4,250,1000,TRUE,TRUE,TRUE,TRUE,TRUE,TRUE,TRUE,"pass",""
"sparse_homogeneous","st_csr_sbayesc",1000,250,"heritability",1.00082011899694,1093.03661941797,1034.00464468817,0.00041951305005246,0.0138200125389354,0.0303554753565207,4,250,1000,TRUE,TRUE,TRUE,TRUE,TRUE,TRUE,TRUE,"pass",""
"sparse_homogeneous","st_csr_sbayesc",1000,500,"effect_variance",1.00099625173457,1269.74664959683,1618.85823787513,5.71988775747949e-05,0.00201962687497512,0.028321507444537,4,500,2000,TRUE,TRUE,TRUE,TRUE,TRUE,TRUE,TRUE,"pass",""
"sparse_homogeneous","st_csr_sbayesc",1000,500,"genetic_variance",1.00012634596675,2277.92912911214,1932.89731110408,0.000508882818856043,0.0242235273251632,0.0210077918060852,4,500,2000,TRUE,TRUE,TRUE,TRUE,TRUE,TRUE,TRUE,"pass",""
"sparse_homogeneous","st_csr_sbayesc",1000,500,"residual_variance",1.00270465404841,1344.80362065616,1856.99863709831,0.000655689136587177,0.0240319694230818,0.0272840367363906,4,500,2000,TRUE,TRUE,TRUE,TRUE,TRUE,TRUE,TRUE,"pass",""
"sparse_homogeneous","st_csr_sbayesc",1000,500,"heritability",1.00065673803053,2102.03385123639,1931.12534763047,0.000305115199386552,0.0139622635140874,0.0218528463582357,4,500,2000,TRUE,TRUE,TRUE,TRUE,TRUE,TRUE,TRUE,"pass",""
"sparse_homogeneous","st_csr_sbayesc",1000,1000,"effect_variance",1.00079444503492,2384.00142636154,3150.66646623696,4.24459032056385e-05,0.00206878634046103,0.0205172967239234,4,1000,4000,TRUE,TRUE,TRUE,TRUE,TRUE,TRUE,TRUE,"pass",""
"sparse_homogeneous","st_csr_sbayesc",1000,1000,"genetic_variance",1.000807898201,4502.58514116343,4056.44948429693,0.000361591754159834,0.0242580222849073,0.0149060690073159,4,1000,4000,TRUE,TRUE,TRUE,TRUE,TRUE,TRUE,TRUE,"pass",""
"sparse_homogeneous","st_csr_sbayesc",1000,1000,"residual_variance",1.00031081579758,2889.15840093385,3634.61809065393,0.000445768750771221,0.0239517515844589,0.018611112811493,4,1000,4000,TRUE,TRUE,TRUE,TRUE,TRUE,TRUE,TRUE,"pass",""
"sparse_homogeneous","st_csr_sbayesc",1000,1000,"heritability",1.00012263651733,4179.60951286217,3806.7948591988,0.000216888270227246,0.0139941479685224,0.0154984977088352,4,1000,4000,TRUE,TRUE,TRUE,TRUE,TRUE,TRUE,TRUE,"pass",""
"sparse_homogeneous","st_csr_sbayesc",1000,2000,"effect_variance",1.00036181265057,5061.95845829453,6494.52241254618,2.87758128172102e-05,0.00204285186086891,0.0140860986390715,4,2000,8000,TRUE,TRUE,TRUE,TRUE,TRUE,TRUE,TRUE,"pass",""
"sparse_homogeneous","st_csr_sbayesc",1000,2000,"genetic_variance",1.00013009154847,8850.29349998411,8084.37020216492,0.000257392009638099,0.0242140586242666,0.0106298582006466,4,2000,8000,TRUE,TRUE,TRUE,TRUE,TRUE,TRUE,TRUE,"pass",""
"sparse_homogeneous","st_csr_sbayesc",1000,2000,"residual_variance",1.00030041654321,5934.99716628515,6383.500541671,0.000305869496614142,0.0235611294584241,0.0129819539064915,4,2000,8000,TRUE,TRUE,TRUE,TRUE,TRUE,TRUE,TRUE,"pass",""
"sparse_homogeneous","st_csr_sbayesc",1000,2000,"heritability",1.00013693922551,8334.7520449643,7605.12663187815,0.000152377669259951,0.0139141953871828,0.0109512382872182,4,2000,8000,TRUE,TRUE,TRUE,TRUE,TRUE,TRUE,TRUE,"pass",""
"sparse_mixture","st_csr_sbayesr",250,250,"effect_variance",1.05046529296206,88.5195877619904,394.840841503666,7.42931719531753e-05,0.000730338775819455,0.101724260593746,4,250,1000,FALSE,FALSE,FALSE,FALSE,TRUE,TRUE,FALSE,"fail","one or more operational thresholds failed"
"sparse_mixture","st_csr_sbayesr",250,250,"genetic_variance",0.999360235669396,930.502486111523,1028.35036433492,0.00106123930973616,0.032380188488444,0.0327743400911611,4,250,1000,TRUE,TRUE,TRUE,TRUE,TRUE,TRUE,TRUE,"pass",""
"sparse_mixture","st_csr_sbayesr",250,250,"residual_variance",0.999808231005669,691.983148846371,924.569288972435,0.00100137121494955,0.0264214436162671,0.0378999432995791,4,250,1000,TRUE,TRUE,TRUE,TRUE,TRUE,TRUE,TRUE,"pass",""
"sparse_mixture","st_csr_sbayesr",250,250,"heritability",0.998765569734515,865.381465405096,981.822578807889,0.000620446626352177,0.0183585442021354,0.0337960689867778,4,250,1000,TRUE,TRUE,TRUE,TRUE,TRUE,TRUE,TRUE,"pass",""
"sparse_mixture","st_csr_sbayesr",250,500,"effect_variance",1.02021397349515,263.701104439876,778.140766314972,4.47879722660668e-05,0.000729015509476112,0.0614362406339647,4,500,2000,FALSE,FALSE,TRUE,FALSE,TRUE,TRUE,FALSE,"fail","one or more operational thresholds failed"
"sparse_mixture","st_csr_sbayesr",250,500,"genetic_variance",1.00086100281336,1835.12908875861,1816.8664614047,0.000740486948968282,0.0316750326452879,0.0233776222825279,4,500,2000,TRUE,TRUE,TRUE,TRUE,TRUE,TRUE,TRUE,"pass",""
"sparse_mixture","st_csr_sbayesr",250,500,"residual_variance",1.00002185671611,1302.58967655474,1710.65581056055,0.000742980524045927,0.0268722738842442,0.0276485915276992,4,500,2000,TRUE,TRUE,TRUE,TRUE,TRUE,TRUE,TRUE,"pass",""
"sparse_mixture","st_csr_sbayesr",250,500,"heritability",1.00053072354607,1718.54245768618,1781.33162487052,0.000434102187450831,0.0179983135200011,0.024119047985714,4,500,2000,TRUE,TRUE,TRUE,TRUE,TRUE,TRUE,TRUE,"pass",""
"sparse_mixture","st_csr_sbayesr",250,1000,"effect_variance",1.00811929565664,604.140016149198,1393.83120753405,2.89749507611388e-05,0.000713282165056659,0.0406220037183141,4,1000,4000,TRUE,TRUE,TRUE,TRUE,TRUE,TRUE,TRUE,"pass",""
"sparse_mixture","st_csr_sbayesr",250,1000,"genetic_variance",1.000899691225,3981.21778331768,3549.23427254113,0.000497577583561605,0.0313224926742469,0.0158856317323273,4,1000,4000,TRUE,TRUE,TRUE,TRUE,TRUE,TRUE,TRUE,"pass",""
"sparse_mixture","st_csr_sbayesr",250,1000,"residual_variance",1.00089712900035,2629.00187280804,3385.94097286023,0.000523620764733989,0.0268945084018645,0.0194694305956412,4,1000,4000,TRUE,TRUE,TRUE,TRUE,TRUE,TRUE,TRUE,"pass",""
"sparse_mixture","st_csr_sbayesr",250,1000,"heritability",1.00026117804672,3658.40070584191,3379.30386744069,0.000295124028253108,0.0178244198620299,0.016557286606662,4,1000,4000,TRUE,TRUE,TRUE,TRUE,TRUE,TRUE,TRUE,"pass",""
"sparse_mixture","st_csr_sbayesr",250,2000,"effect_variance",1.0030605355346,1169.5786845363,2619.83054569224,2.09068577753926e-05,0.000715242077380079,0.0292304639737837,4,2000,8000,TRUE,TRUE,TRUE,TRUE,TRUE,TRUE,TRUE,"pass",""
"sparse_mixture","st_csr_sbayesr",250,2000,"genetic_variance",1.00004517525373,7245.43477349912,7718.39185803229,0.000371457717594027,0.0314453878260341,0.0118127885605689,4,2000,8000,TRUE,TRUE,TRUE,TRUE,TRUE,TRUE,TRUE,"pass",""
"sparse_mixture","st_csr_sbayesr",250,2000,"residual_variance",0.999844382988202,5455.29678646591,6584.70064451979,0.00036306232320643,0.0268252367449709,0.0135343567200575,4,2000,8000,TRUE,TRUE,TRUE,TRUE,TRUE,TRUE,TRUE,"pass",""
"sparse_mixture","st_csr_sbayesr",250,2000,"heritability",0.999793868772014,6894.81696239848,7337.15632792774,0.000215131969975737,0.0178616866061946,0.0120443256406216,4,2000,8000,TRUE,TRUE,TRUE,TRUE,TRUE,TRUE,TRUE,"pass",""
"sparse_mixture","st_csr_sbayesr",500,250,"effect_variance",1.03861151664971,139.371803460134,445.239656416968,6.20905673195031e-05,0.00072761075769035,0.0853348671157594,4,250,1000,FALSE,FALSE,TRUE,FALSE,TRUE,TRUE,FALSE,"fail","one or more operational thresholds failed"
"sparse_mixture","st_csr_sbayesr",500,250,"genetic_variance",1.00386499188739,924.112071964934,755.155337235331,0.00102106529569694,0.0309673798694857,0.0329722856760982,4,250,1000,TRUE,TRUE,TRUE,TRUE,TRUE,TRUE,TRUE,"pass",""
"sparse_mixture","st_csr_sbayesr",500,250,"residual_variance",1.00448969069535,651.373973041697,842.652246641914,0.00107510968731909,0.0273281422498216,0.0393407527482447,4,250,1000,TRUE,TRUE,TRUE,TRUE,TRUE,TRUE,TRUE,"pass",""
"sparse_mixture","st_csr_sbayesr",500,250,"heritability",1.00454315286851,879.248928382326,864.447294003851,0.000595982934414009,0.0176387389679244,0.0337882960623086,4,250,1000,TRUE,TRUE,TRUE,TRUE,TRUE,TRUE,TRUE,"pass",""
"sparse_mixture","st_csr_sbayesr",500,500,"effect_variance",1.0086017612038,318.533200991813,685.143465763843,4.0754289046889e-05,0.000727240028111512,0.0560396670583703,4,500,2000,TRUE,FALSE,TRUE,FALSE,TRUE,TRUE,FALSE,"fail","one or more operational thresholds failed"
"sparse_mixture","st_csr_sbayesr",500,500,"genetic_variance",1.00119393549258,1936.20682802481,1729.50339562662,0.000717705097898537,0.0314422431672479,0.0228261416999071,4,500,2000,TRUE,TRUE,TRUE,TRUE,TRUE,TRUE,TRUE,"pass",""
"sparse_mixture","st_csr_sbayesr",500,500,"residual_variance",1.00330915226933,1346.59031942754,1819.85433956654,0.000741924102066738,0.0272489365961513,0.0272276350839881,4,500,2000,TRUE,TRUE,TRUE,TRUE,TRUE,TRUE,TRUE,"pass",""
"sparse_mixture","st_csr_sbayesr",500,500,"heritability",1.00163776809025,1832.95113538622,1795.37878537736,0.000418044272918947,0.0178147518428103,0.0234661855863944,4,500,2000,TRUE,TRUE,TRUE,TRUE,TRUE,TRUE,TRUE,"pass",""
"sparse_mixture","st_csr_sbayesr",500,1000,"effect_variance",1.00241905923945,611.959359929567,1281.44405179548,2.93650276531139e-05,0.000725389778167753,0.0404817224296797,4,1000,4000,TRUE,TRUE,TRUE,TRUE,TRUE,TRUE,TRUE,"pass",""
"sparse_mixture","st_csr_sbayesr",500,1000,"genetic_variance",1.00004724481551,3774.90533413966,3582.03067132336,0.0005108771139535,0.0313204870529287,0.0163112761653472,4,1000,4000,TRUE,TRUE,TRUE,TRUE,TRUE,TRUE,TRUE,"pass",""
"sparse_mixture","st_csr_sbayesr",500,1000,"residual_variance",1.00036901725751,2651.06432247781,3270.77303437826,0.000528011098317713,0.0272037875021075,0.0194094700334212,4,1000,4000,TRUE,TRUE,TRUE,TRUE,TRUE,TRUE,TRUE,"pass",""
"sparse_mixture","st_csr_sbayesr",500,1000,"heritability",1.00018681942869,3507.71263121855,3495.31901267205,0.000302264746153257,0.0178711920233485,0.0169135190175536,4,1000,4000,TRUE,TRUE,TRUE,TRUE,TRUE,TRUE,TRUE,"pass",""
"sparse_mixture","st_csr_sbayesr",500,2000,"effect_variance",1.00136151143741,1203.94312746985,2467.39436729781,2.06220974511106e-05,0.000713468831846549,0.0289039920605053,4,2000,8000,TRUE,TRUE,TRUE,TRUE,TRUE,TRUE,TRUE,"pass",""
"sparse_mixture","st_csr_sbayesr",500,2000,"genetic_variance",0.99996778989003,7502.31825514079,7760.51342744729,0.000361378564743387,0.031290372149987,0.0115491935669911,4,2000,8000,TRUE,TRUE,TRUE,TRUE,TRUE,TRUE,TRUE,"pass",""
"sparse_mixture","st_csr_sbayesr",500,2000,"residual_variance",1.00011232085049,5603.70368684187,6602.10057163025,0.000359180696020833,0.0269056235843955,0.0133496514174511,4,2000,8000,TRUE,TRUE,TRUE,TRUE,TRUE,TRUE,TRUE,"pass",""
"sparse_mixture","st_csr_sbayesr",500,2000,"heritability",0.99992482318987,7166.69516778945,7489.5627615996,0.000210258415310327,0.0177884136164768,0.0118199643792616,4,2000,8000,TRUE,TRUE,TRUE,TRUE,TRUE,TRUE,TRUE,"pass",""
"sparse_mixture","st_csr_sbayesr",1000,250,"effect_variance",1.04306743761812,177.576274542112,376.407010829627,5.04321296365351e-05,0.000663852781876185,0.0759688458245268,4,250,1000,FALSE,FALSE,FALSE,FALSE,TRUE,TRUE,FALSE,"fail","one or more operational thresholds failed"
"sparse_mixture","st_csr_sbayesr",1000,250,"genetic_variance",1.00100617831757,1078.93635686844,911.055163450933,0.000913948017220863,0.0299803151044415,0.0304849370007276,4,250,1000,TRUE,TRUE,TRUE,TRUE,TRUE,TRUE,TRUE,"pass",""
"sparse_mixture","st_csr_sbayesr",1000,250,"residual_variance",1.0037061363297,587.616560538038,650.564248668402,0.00109991986292299,0.0266469670727724,0.0412774879752404,4,250,1000,TRUE,TRUE,TRUE,TRUE,TRUE,TRUE,TRUE,"pass",""
"sparse_mixture","st_csr_sbayesr",1000,250,"heritability",1.00147238935841,936.675072414064,876.739113093532,0.000566330723602571,0.0172995661455033,0.0327367009576584,4,250,1000,TRUE,TRUE,TRUE,TRUE,TRUE,TRUE,TRUE,"pass",""
"sparse_mixture","st_csr_sbayesr",1000,500,"effect_variance",1.01549466623174,299.140354912139,580.807222919046,4.21258384262537e-05,0.000723716084866543,0.0582076857308235,4,500,2000,FALSE,FALSE,TRUE,FALSE,TRUE,TRUE,FALSE,"fail","one or more operational thresholds failed"
"sparse_mixture","st_csr_sbayesr",1000,500,"genetic_variance",1.00108390727943,1813.71376824564,1850.50591378958,0.000744200821525396,0.0311976123348922,0.0238544159577579,4,500,2000,TRUE,TRUE,TRUE,TRUE,TRUE,TRUE,TRUE,"pass",""
"sparse_mixture","st_csr_sbayesr",1000,500,"residual_variance",1.0010985369359,1290.63849683529,1391.97691555754,0.000756645570382034,0.027165373724499,0.0278533098073911,4,500,2000,TRUE,TRUE,TRUE,TRUE,TRUE,TRUE,TRUE,"pass",""
"sparse_mixture","st_csr_sbayesr",1000,500,"heritability",1.00121331132767,1597.22186434261,1774.29096730764,0.000451483543138453,0.0179292397979759,0.0251814102675687,4,500,2000,TRUE,TRUE,TRUE,TRUE,TRUE,TRUE,TRUE,"pass",""
"sparse_mixture","st_csr_sbayesr",1000,1000,"effect_variance",1.00279316355209,612.68969217749,1236.99440299418,2.83133662691667e-05,0.000701599032859962,0.0403554807562256,4,1000,4000,TRUE,TRUE,TRUE,TRUE,TRUE,TRUE,TRUE,"pass",""
"sparse_mixture","st_csr_sbayesr",1000,1000,"genetic_variance",0.999988819104159,3622.30014826801,4092.26169926881,0.000520998636510087,0.0312857031283787,0.0166529303935477,4,1000,4000,TRUE,TRUE,TRUE,TRUE,TRUE,TRUE,TRUE,"pass",""
"sparse_mixture","st_csr_sbayesr",1000,1000,"residual_variance",1.00015591600956,2783.78140072184,3036.40396887375,0.000507865304482837,0.0268296857039701,0.0189292304832213,4,1000,4000,TRUE,TRUE,TRUE,TRUE,TRUE,TRUE,TRUE,"pass",""
"sparse_mixture","st_csr_sbayesr",1000,1000,"heritability",0.999735809171102,3402.9104992089,3919.65442332001,0.000302816432218572,0.0177822568175673,0.0170291338903292,4,1000,4000,TRUE,TRUE,TRUE,TRUE,TRUE,TRUE,TRUE,"pass",""
"sparse_mixture","st_csr_sbayesr",1000,2000,"effect_variance",1.00507522039615,1119.56070027096,2362.92429461093,2.14245730339743e-05,0.000713510648985197,0.0300269842705863,4,2000,8000,TRUE,TRUE,TRUE,TRUE,TRUE,TRUE,TRUE,"pass",""
"sparse_mixture","st_csr_sbayesr",1000,2000,"genetic_variance",1.0002552930415,6542.19197109518,7653.0043410636,0.000386652936938716,0.0312603895570188,0.0123687817848035,4,2000,8000,TRUE,TRUE,TRUE,TRUE,TRUE,TRUE,TRUE,"pass",""
"sparse_mixture","st_csr_sbayesr",1000,2000,"residual_variance",0.999984798023537,5479.38568048696,6304.86709210449,0.000362280721226927,0.026823712633815,0.0135059872647988,4,2000,8000,TRUE,TRUE,TRUE,TRUE,TRUE,TRUE,TRUE,"pass",""
"sparse_mixture","st_csr_sbayesr",1000,2000,"heritability",1.00024115083811,6608.73253480765,7863.39133616704,0.000218958474557688,0.0178217977695578,0.012285992546257,4,2000,8000,TRUE,TRUE,TRUE,TRUE,TRUE,TRUE,TRUE,"pass",""
