"file","md5"
"studies/06_ld_operator/config.R","95b35b7a58743ce28985295287534e56"
"studies/06_ld_operator/blocks.R","85c1d30f8d2162690050158b6f14daee"
"studies/06_ld_operator/operators.R","78440b819c4289a9d59011c6166dd82f"
"studies/06_ld_operator/operator_validation.R","aeb85f53a2592ca3f143939b6daa9c62"
"studies/06_ld_operator/simulation.R","b9f0ae8cd4aabf0a56d2df20c83beeed"
"studies/06_ld_operator/methods.R","5a89b899009410602a6fd0cb2a95bd43"
"studies/06_ld_operator/chain_extraction.R","8bca488865a65021cd5b0fd3abcad881"
"studies/06_ld_operator/diagnostics.R","71f08b5e934f4535e282c8096a9c7d38"
"studies/06_ld_operator/metrics.R","c0c64a7f32476ed321d059d6d9bfc7b1"
"studies/06_ld_operator/pilot.R","c0b17215e079cf538145e51d8995f20f"
"studies/06_ld_operator/targets.R","fb66f23fbea6d98873a3048c04818231"
"studies/06_ld_operator/promotion.R","2d65eb992e8bd6341813eeebfbd5f5b2"
"scripts/run_study06_ld_operator.R","f5d6e2615cd9709c294c751227583568"
