"category","path","sha256"
"deterministic_input","results/local/02_prediction/data/human.bed","831b33866e4e6382e7ce80ce99e85bbc4d3ada6e00fabd3da97c2db16a8fc74e"
"deterministic_input","results/local/02_prediction/data/human.bim","bfffc0b88dd145ce5669441137e14f3c4059c5d56dfce92a06ff67a1c575099d"
"deterministic_input","results/local/02_prediction/data/human.covar","7a998545a2808f7d6958fafacba8a7044e54275750f22dae98721017a8cfe1a5"
"deterministic_input","results/local/02_prediction/data/human.fam","5bdb5b36afd129fc7a703a0c97891d94b8c914877c25efa27aee051968105e91"
"deterministic_input","results/local/02_prediction/data/human.pheno","0b2ed80f9d37786ee6df03a7e75fd44d92088a74a8d969afe422774282705613"
"deterministic_input","results/local/study06_low_rank_operator_v2/deterministic/block_definitions.csv","ebec36e417c9b0308b6184aea56af77ddbdbd69acf70c9c21629dda7ac98da67"
"optimized_low_rank_source","R/RcppExports.R","7fb861be61d8e2eeb26ce8b405d24c6a4996b3c1b68d811f3ff9cdd6bc81f432"
"optimized_low_rank_source","R/stblr-block-eigen.R","180800c3c0fcaa758414a47cfd3519a430408aff900f7e6317c446e59669499a"
"optimized_low_rank_source","src/blr_block_low_rank.h","0dc5eadeab70e2bbf65ef07229866f47f1438875a4f98968b33881e28b8dd733"
"optimized_low_rank_source","src/st_block_eigen.cpp","20e5aeba048a662edc8473e6927af9a520e8e3733d09d750bc8209c25429729e"
"optimized_low_rank_source","src/st_block_low_rank.cpp","0325781cc0bec281377a0c1e965e566b201b839df7fb56a2629463d8d63198eb"
"optimized_low_rank_source","src/st_cpg_omp_csr.cpp","650fbf09fad7b8b914779ed05fb3528e3469bd9c752538dbe399923c6d95b3a6"
"optimized_low_rank_source","src/st_cpg_omp_csr_bayesr.cpp","a975f982c30ffcbe46dd8b24f0036cf212cf6274ff0a805dcb5e469afbc5765e"
"optimized_low_rank_source","src/st_ld_operator.h","9191abb184ef2e9038b7a5ddb9f05cb83958c6c5ad140841e48e75d520798a9e"
"summary_statistics","targets:study06_operator_stats","66cadda55e27ac44b669412833bb9682e9cd5b9ac537b20a0a802e2eaf7227a3"
