"operator_id","reference_operator_id","block_id","block_size","source_matrix_definition","filtering_policy","filtering_parameter","original_rank","retained_rank","retained_rank_proportion","minimum_eigenvalue","maximum_eigenvalue","negative_eigenvalue_count","positive_eigenvalue_mass","retained_positive_eigenvalue_mass","retained_mass_proportion","trace","trace_difference","frobenius_norm","frobenius_relative_error","off_diagonal_frobenius_norm","off_diagonal_norm_retained","condition_number","runtime_diagonal_minimum","runtime_diagonal_maximum","runtime_diagonal_mean","reconstruction_maximum_absolute_error","reconstruction_relative_error","matrix_vector_maximum_error","quadratic_form_maximum_error","summary_score_action_relative_error","summary_score_action_cosine_similarity","true_effect_action_relative_error","true_effect_action_cosine_similarity"
"block_eigen_hard","block_eigen_unfiltered","block_0001",1000,"same installed builder packed runtime cross-product","hard_truncate",0.1,1000,1000,1,765.226063596796,8206.24614969179,0,3500081.97436523,3500081.97436523,1,3500081.97436523,0,125503.225401358,3.23811375472121e-17,59134.6556651487,1,10.7239501371921,3290.24438476562,3667.65991210938,3500.08197436523,7.105427357601e-13,4.76837158203125e-05,4.54747350886464e-12,0,5.07935393665635e-12,1,2.05342343869619e-17,1
"block_eigen_hard","block_eigen_unfiltered","block_0002",1000,"same installed builder packed runtime cross-product","hard_truncate",0.1,1000,1000,1,776.786964817002,8181.40044118923,0,3498567.57958984,3498567.57958984,1,3498567.57958984,0,125463.643401754,2.0995568492205e-14,59140.7610529948,1,10.532360623632,3327.65991210938,3715.50903320312,3498.56757958984,1.86264514923096e-09,3.0517578125e-05,3.48632056557108e-09,2.79396772384644e-09,5.07935393665635e-12,1,2.05342343869619e-17,1
"block_eigen_hard","block_eigen_unfiltered","block_0003",1000,"same installed builder packed runtime cross-product","hard_truncate",0.1,1000,1000,1,742.034480996136,8246.01698125225,0,3499325.12158203,3499325.12158203,1,3499325.12158203,0,125436.340340681,3.25356914315395e-17,59037.6072242914,1,11.1127140212979,3318.51391601562,3696.83618164062,3499.32512158203,7.95807864051312e-13,3.96780669689178e-05,2.72848410531878e-12,0,5.07935393665635e-12,1,2.05342343869619e-17,1
"block_eigen_hard","block_eigen_unfiltered","block_0004",1000,"same installed builder packed runtime cross-product","hard_truncate",0.1,1000,1000,1,766.806986145121,8145.24737862321,0,3501295.49511719,3501295.49511719,1,3501295.49511719,0,125567.619300962,2.48307238336594e-17,59199.592906359,1,10.6222915620147,3264.77270507812,3675.95532226562,3501.29549511719,1.02318153949454e-12,3.48091125488281e-05,1.81898940354586e-12,0,5.07935393665635e-12,1,2.05342343869619e-17,1
"block_eigen_hard","block_eigen_unfiltered","block_0005",1000,"same installed builder packed runtime cross-product","hard_truncate",0.1,1000,1000,1,762.390319714871,8158.47874797101,0,3499000.95385742,3499000.95385742,1,3499000.95385742,0,125521.356507489,2.5866540422518e-17,59236.9792335356,1,10.7011835499462,3301.91162109375,3676.73266601562,3499.00095385742,7.38964445190504e-13,4.50611114501953e-05,2.27373675443232e-12,0,5.07935393665635e-12,1,2.05342343869619e-17,1
"block_eigen_hard","block_eigen_unfiltered","block_0006",1000,"same installed builder packed runtime cross-product","hard_truncate",0.1,1000,1000,1,768.917190235114,8160.34699253787,0,3496969.85473633,3496969.85473633,1,3496969.85473633,0,125427.980428316,2.4741485458668e-17,59161.0603242547,1,10.6127774176081,3292.15087890625,3695.4619140625,3496.96985473633,8.10018718766514e-13,4.33921813964844e-05,2.72848410531878e-12,0,5.07935393665635e-12,1,2.05342343869619e-17,1
"block_eigen_hard","block_eigen_unfiltered","block_0007",1000,"same installed builder packed runtime cross-product","hard_truncate",0.1,1000,1000,1,762.41094469016,8249.40012865424,0,3499072.15332031,3499072.15332031,1,3499072.15332031,0,125555.86440738,8.59346020180917e-11,59304.9075538588,0.99999999999971,10.8201491414932,3320.3896484375,3709.44213867188,3499.07215332031,7.62939453125e-06,4.22000885009766e-05,1.75736231540213e-05,1.99754722416401e-05,5.07935393665635e-12,1,2.05342343869619e-17,1
"block_eigen_hard","block_eigen_unfiltered","block_0008",1000,"same installed builder packed runtime cross-product","hard_truncate",0.1,1000,1000,1,786.868725779487,8133.21929566642,0,3499683.99633789,3499683.99633789,1,3499683.99633789,0,125504.273538521,2.45872289779881e-17,59160.0765718646,1,10.3361831893999,3317.22338867188,3734.97778320312,3499.68399633789,9.66338120633736e-13,3.62396240234375e-05,3.18323145620525e-12,0,5.07935393665635e-12,1,2.05342343869619e-17,1
"block_eigen_hard","block_eigen_unfiltered","block_0009",1000,"same installed builder packed runtime cross-product","hard_truncate",0.1,1000,1000,1,760.024164567679,8227.13400080156,0,3498980.36401367,3498980.36401367,1,3498980.36401367,0,125483.770267979,3.23392773082038e-17,59160.850088775,1,10.8248321360695,3302.4375,3678.42211914062,3498.98036401367,7.95807864051312e-13,1.13174687088313e-05,3.63797880709171e-12,0,5.07935393665635e-12,1,2.05342343869619e-17,1
"block_eigen_hard","block_eigen_unfiltered","block_0010",1000,"same installed builder packed runtime cross-product","hard_truncate",0.1,1000,1000,1,769.844126289463,8182.83487678438,0,3500024.3269043,3500024.3269043,1,3500024.3269043,0,125471.857242336,2.14980344117204e-11,59072.2340032407,1.00000000000002,10.6292099885524,3295.0703125,3695.13696289062,3500.0243269043,1.9073486328125e-06,1.79574210134343e-05,4.14361056755297e-06,1.35190784931183e-05,5.07935393665635e-12,1,2.05342343869619e-17,1
"block_eigen_hard","block_eigen_unfiltered","block_0011",1000,"same installed builder packed runtime cross-product","hard_truncate",0.1,1000,1000,1,766.783281510255,8150.25316085317,0,3502490.41625977,3502490.41625977,1,3502490.41625977,0,125554.892354304,3.3914311996476e-17,59101.7706400997,1,10.6291482318191,3313.55688476562,3684.27978515625,3502.49041625977,9.2370555648813e-13,3.95774841308594e-05,2.72848410531878e-12,0,5.07935393665635e-12,1,2.05342343869619e-17,1
"block_eigen_hard","block_eigen_unfiltered","block_0012",1000,"same installed builder packed runtime cross-product","hard_truncate",0.1,1000,1000,1,756.547824262429,8232.59305983997,0,3500587.24169922,3500587.24169922,1,3500587.24169922,0,125542.982646216,2.12998309000076e-17,59190.991193797,1,10.8817880321922,3293.70947265625,3693.17724609375,3500.58724169922,7.88702436693711e-13,5.29289245605469e-05,3.63797880709171e-12,0,5.07935393665635e-12,1,2.05342343869619e-17,1
"block_eigen_hard","block_eigen_unfiltered","block_0013",1000,"same installed builder packed runtime cross-product","hard_truncate",0.1,1000,1000,1,770.287022388794,8170.07846960363,0,3499547.4206543,3499547.4206543,1,3499547.4206543,0,125450.942078637,4.19953537509405e-14,59055.3513702247,1,10.6065378646349,3320.86962890625,3706.27075195312,3499.5474206543,3.72529029846191e-09,1.52587890625e-05,5.8153091231361e-09,1.02445483207703e-08,5.07935393665635e-12,1,2.05342343869619e-17,1
"block_eigen_hard","block_eigen_unfiltered","block_0014",1000,"same installed builder packed runtime cross-product","hard_truncate",0.1,1000,1000,1,758.238078294569,8170.145788774,0,3501399.51513672,3501399.51513672,1,3501399.51513672,0,125529.139249731,2.68453967755682e-17,59112.3393365805,1,10.7751721031346,3311.259765625,3683.75805664062,3501.39951513672,1.08002495835535e-12,3.26633453369141e-05,3.63797880709171e-12,0,5.07935393665635e-12,1,2.05342343869619e-17,1
"block_eigen_hard","block_eigen_unfiltered","block_0015",1000,"same installed builder packed runtime cross-product","hard_truncate",0.1,1000,1000,1,767.614946023493,8202.57423552055,0,3498921.69995117,3498921.69995117,1,3498921.69995117,0,125519.265997898,2.11074055772051e-17,59238.3710102567,1,10.6857927636932,3316.162109375,3688.896484375,3498.92169995117,7.67386154620908e-13,4.45444410036719e-06,3.63797880709171e-12,0,5.07935393665635e-12,1,2.05342343869619e-17,1
"block_eigen_hard","block_eigen_unfiltered","block_0016",1000,"same installed builder packed runtime cross-product","hard_truncate",0.1,1000,1000,1,743.926495123848,8240.82133648886,0,3497626.16796875,3497626.16796875,1,3497626.16796875,0,125482.725628399,3.92287679295148e-17,59238.758095385,1,11.0774671832557,3356.23461914062,3668.90454101562,3497.62616796875,1.25055521493778e-12,6.58035278320312e-05,3.63797880709171e-12,4.65661287307739e-10,5.07935393665635e-12,1,2.05342343869619e-17,1
"block_eigen_hard","block_eigen_unfiltered","block_0017",1000,"same installed builder packed runtime cross-product","hard_truncate",0.1,1000,1000,1,776.677076949368,8192.93671990142,0,3498583.08422852,3498583.08422852,1,3498583.08422852,0,125423.982903772,3.05399453482087e-17,59057.313349515,1,10.5487041694106,3323.73168945312,3680.38012695312,3498.58308422852,9.9475983006414e-13,2.52723693847656e-05,3.63797880709171e-12,0,5.07935393665635e-12,1,2.05342343869619e-17,1
"block_eigen_hard","block_eigen_unfiltered","block_0018",1000,"same installed builder packed runtime cross-product","hard_truncate",0.1,1000,1000,1,773.809791139494,8122.85574591531,0,3497594.00244141,3497594.00244141,1,3497594.00244141,0,125399.667565223,3.35853808590079e-17,59063.7667858404,1,10.4972253374486,3287.82885742188,3664.04052734375,3497.59400244141,1.02318153949454e-12,2.33650207519531e-05,3.18323145620525e-12,0,5.07935393665635e-12,1,2.05342343869619e-17,1
"block_eigen_hard","block_eigen_unfiltered","block_0019",1000,"same installed builder packed runtime cross-product","hard_truncate",0.1,1000,1000,1,749.685780735731,8172.87944821078,0,3502122.82543945,3502122.82543945,1,3502122.82543945,0,125622.100435218,1.34202018215347e-12,59266.341645262,1,10.901739979902,3307.80737304688,3705.62866210938,3502.12282543945,1.19209289550781e-07,8.0108642578125e-05,2.13011844607536e-07,5.62518835067749e-07,5.07935393665635e-12,1,2.05342343869619e-17,1
"block_eigen_hard","block_eigen_unfiltered","block_0020",1000,"same installed builder packed runtime cross-product","hard_truncate",0.1,1000,1000,1,770.331977239213,8160.32900349154,0,3499176.37280273,3499176.37280273,1,3499176.37280273,0,125463.096620943,2.84291896904327e-17,59102.0470085189,1,10.5932627030975,3308.55834960938,3675.93237304688,3499.17637280273,1.25055521493778e-12,2.83122062683105e-05,3.63797880709171e-12,0,5.07935393665635e-12,1,2.05342343869619e-17,1
"block_eigen_hard","block_eigen_unfiltered","block_0021",1000,"same installed builder packed runtime cross-product","hard_truncate",0.1,1000,1000,1,757.378841947709,8163.46050245855,0,3497287.63305664,3497287.63305664,1,3497287.63305664,0,125434.336969422,3.04302727605087e-17,59153.8992482298,1,10.778569522044,3313.93212890625,3691.751953125,3497.28763305664,1.30739863379858e-12,4.33921813964844e-05,3.63797880709171e-12,4.65661287307739e-10,5.07935393665635e-12,1,2.05342343869619e-17,1
"block_eigen_hard","block_eigen_unfiltered","block_0022",1000,"same installed builder packed runtime cross-product","hard_truncate",0.1,1000,1000,1,759.152738076732,8187.37308769049,0,3498731.87182617,3498731.87182617,1,3498731.87182617,0,125432.373684441,1.31295478444226e-15,59064.85741361,1,10.7848825105113,3301.3984375,3671.85595703125,3498.73187182617,1.16415321826935e-10,3.06069850921631e-05,2.78305378742516e-10,9.31322574615479e-10,5.07935393665635e-12,1,2.05342343869619e-17,1
"block_eigen_hard","block_eigen_unfiltered","block_0023",1000,"same installed builder packed runtime cross-product","hard_truncate",0.1,1000,1000,1,764.932260388373,8181.89737025554,0,3498299.47607422,3498299.47607422,1,3498299.47607422,0,125462.960861848,2.33632768747668e-17,59156.8807927495,1,10.6962378160145,3285.50048828125,3673.9794921875,3498.29947607422,7.38964445190504e-13,1.09672546386719e-05,1.81898940354586e-12,0,5.07935393665635e-12,1,2.05342343869619e-17,1
"block_eigen_hard","block_eigen_unfiltered","block_0024",1000,"same installed builder packed runtime cross-product","hard_truncate",0.1,1000,1000,1,774.020311406972,8196.18336680145,0,3498939.31689453,3498939.31689453,1,3498939.31689453,0,125470.91476026,1.34363724358005e-12,59134.2064698849,1,10.589106314152,3338.44873046875,3676.57568359375,3498.93931689453,1.19209289550781e-07,5.70868142018293e-06,1.83343217941001e-07,2.1420419216156e-07,5.07935393665635e-12,1,2.05342343869619e-17,1
"block_eigen_hard","block_eigen_unfiltered","block_0025",1000,"same installed builder packed runtime cross-product","hard_truncate",0.1,1000,1000,1,771.051077405656,8280.38359061753,0,3497556.49658203,3497556.49658203,1,3497556.49658203,0,125363.223413091,2.62678631167631e-15,58988.9172020208,1,10.7390856886919,3302.16357421875,3681.98461914062,3497.55649658203,2.3283064365387e-10,5.14984130859375e-05,3.03771230392158e-10,0,5.07935393665635e-12,1,2.05342343869619e-17,1
"block_eigen_hard","block_eigen_unfiltered","block_0026",1000,"same installed builder packed runtime cross-product","hard_truncate",0.1,1000,1000,1,779.774629870792,8257.29731805978,0,3502452.80151367,3502452.80151367,1,3502452.80151367,0,125582.795138894,2.12231671294053e-17,59163.8860023452,1,10.5893382546031,3310.19360351562,3677.486328125,3502.45280151367,6.82121026329696e-13,2.52723693847656e-05,2.04636307898909e-12,0,5.07935393665635e-12,1,2.05342343869619e-17,1
"block_eigen_hard","block_eigen_unfiltered","block_0027",1000,"same installed builder packed runtime cross-product","hard_truncate",0.1,1000,1000,1,757.283861013077,8268.28308549378,0,3498863.46972656,3498863.46972656,1,3498863.46972656,0,125532.968860744,1.04920166028302e-14,59272.3642010317,1,10.918340547272,3292.34790039062,3689.1611328125,3498.86346972656,9.31322574615479e-10,3.67164611816406e-05,1.23418431030586e-09,9.31322574615479e-10,5.07935393665635e-12,1,2.05342343869619e-17,1
"block_eigen_hard","block_eigen_unfiltered","block_0028",1000,"same installed builder packed runtime cross-product","hard_truncate",0.1,1000,1000,1,752.755607534942,8233.12565869,0,3500615.94726562,3500615.94726563,1,3500615.94726562,0,125461.632548996,3.12830053472246e-17,59016.1827648205,1,10.9373156125015,3329.32299804688,3716.0751953125,3500.61594726562,9.09494701772928e-13,5.22136688232422e-05,2.27373675443232e-12,0,5.07935393665635e-12,1,2.05342343869619e-17,1
"block_eigen_hard","block_eigen_unfiltered","block_0029",1000,"same installed builder packed runtime cross-product","hard_truncate",0.1,1000,1000,1,757.72980139153,8212.70008311621,0,3502173.18212891,3502173.18212891,1,3502173.18212891,0,125566.50446306,2.30513236227924e-17,59145.0857761487,1,10.838560220324,3280.62377929688,3758.52001953125,3502.17318212891,7.95807864051312e-13,2.59763720404284e-06,1.81898940354586e-12,0,5.07935393665635e-12,1,2.05342343869619e-17,1
"block_eigen_hard","block_eigen_unfiltered","block_0030",1000,"same installed builder packed runtime cross-product","hard_truncate",0.1,1000,1000,1,767.741616006205,8175.20349861367,0,3500402.65136719,3500402.65136719,1,3500402.65136719,0,125496.060156796,3.07868208384558e-17,59100.8566729829,1,10.6483787359882,3335.59228515625,3668.60498046875,3500.40265136719,9.9475983006414e-13,5.24520874023438e-05,3.63797880709171e-12,0,5.07935393665635e-12,1,2.05342343869619e-17,1
"block_eigen_hard","block_eigen_unfiltered","block_0031",1000,"same installed builder packed runtime cross-product","hard_truncate",0.1,1000,1000,1,770.92964191737,8160.57950245404,0,3502977.47509766,3502977.47509766,1,3502977.47509766,0,125610.399255715,3.27508888249133e-17,59190.3642557322,1,10.5853751869729,3292.4521484375,3661.015625,3502.97747509766,1.22213350550737e-12,3.14712524414062e-05,2.27373675443232e-12,4.65661287307739e-10,5.07935393665635e-12,1,2.05342343869619e-17,1
"block_eigen_hard","block_eigen_unfiltered","block_0032",1000,"same installed builder packed runtime cross-product","hard_truncate",0.1,1000,1000,1,754.491534747386,8146.87017219915,0,3497866.3815918,3497866.3815918,1,3497866.3815918,0,125403.262248225,2.62651568488694e-17,59053.8971811885,1,10.7978284672562,3314.6171875,3743.9794921875,3497.8663815918,9.37916411203332e-13,4.57763671875e-05,3.63797880709171e-12,0,5.07935393665635e-12,1,2.05342343869619e-17,1
"block_eigen_hard","block_eigen_unfiltered","block_0033",1000,"same installed builder packed runtime cross-product","hard_truncate",0.1,1000,1000,1,770.247290983505,8176.74878657566,0,3500299.22900391,3500299.22900391,1,3500299.22900391,0,125491.391502586,2.35980618087052e-17,59096.6806596524,1,10.6157449461913,3325.32446289062,3728.29370117188,3500.29922900391,9.37916411203332e-13,5.51939010620117e-05,2.72848410531878e-12,0,5.07935393665635e-12,1,2.05342343869619e-17,1
"block_eigen_hard","block_eigen_unfiltered","block_0034",1000,"same installed builder packed runtime cross-product","hard_truncate",0.1,1000,1000,1,763.804950312242,8249.87430221425,0,3500290.79589844,3500290.79589844,1,3500290.79589844,0,125543.736924389,1.99723748114542e-17,59210.7586496767,1,10.8010223013633,3320.90014648438,3691.02124023438,3500.29079589844,6.82121026329696e-13,4.57763671875e-05,3.63797880709171e-12,0,5.07935393665635e-12,1,2.05342343869619e-17,1
"block_eigen_hard","block_eigen_unfiltered","block_0035",1000,"same installed builder packed runtime cross-product","hard_truncate",0.1,1000,1000,1,759.16546195176,8189.10875955158,0,3500722.28881836,3500722.28881836,1,3500722.28881836,0,125491.365383295,2.16369502620457e-14,59073.9959815988,1,10.7869880414448,3342.83764648438,3675.52783203125,3500.72228881836,1.86264514923096e-09,1.1444091796875e-05,2.26646079681814e-09,4.65661287307739e-09,5.07935393665635e-12,1,2.05342343869619e-17,1
"block_eigen_hard","block_eigen_unfiltered","block_0036",1000,"same installed builder packed runtime cross-product","hard_truncate",0.1,1000,1000,1,766.208830439911,8147.08257647424,0,3501563.76464844,3501563.76464844,1,3501563.76464844,0,125538.176086093,6.71458672751687e-13,59120.8065132835,1,10.6329792255157,3306.16259765625,3701.86572265625,3501.56376464844,5.96046447753906e-08,2.16215848922729e-05,1.21651737572392e-07,1.01048499345779e-07,5.07935393665635e-12,1,2.05342343869619e-17,1
"block_eigen_hard","block_eigen_unfiltered","block_0037",1000,"same installed builder packed runtime cross-product","hard_truncate",0.1,1000,1000,1,769.318237371798,8198.56207657227,0,3498458.62158203,3498458.62158203,1,3498458.62158203,0,125453.307726285,1.07506065547093e-11,59124.3482375813,1.00000000000001,10.6569189163912,3328.93286132812,3678.41967773438,3498.45862158203,9.5367431640625e-07,5.67436218261719e-05,1.66879499374772e-06,2.80328094959259e-06,5.07935393665635e-12,1,2.05342343869619e-17,1
"block_eigen_hard","block_eigen_unfiltered","block_0038",991,"same installed builder packed runtime cross-product","hard_truncate",0.1,991,991,1,777.170836895336,8180.47270104039,0,3462579.60864258,3462579.60864258,1,3462579.60864258,0,124611.013689693,2.12221451925736e-17,58533.6491651565,1,10.5259645790621,3314.48413085938,3705.40478515625,3494.0258412135,6.60804744256893e-13,4.22000885009766e-05,1.81898940354586e-12,0,5.07935393665635e-12,1,2.05342343869619e-17,1
"block_eigen_ridge_fixed","block_eigen_unfiltered","block_0001",1000,"same installed builder packed runtime cross-product","ridge_fixed",0.0101010101010101,1000,1000,1,792.547345583486,8159.28855653515,0,3500081.97436523,3500081.97436523,1,3500081.97436523,0,125225.680779964,0.00471180366411602,58543.309107848,0.989999999989021,10.2950172024463,3290.24438476562,3667.65991210938,3500.08197436523,3.01400756835938,0.0100001151667297,70.5784843973415,1427.06810425175,0.00435005248706813,0.999996251431665,0.0047520564236117,0.999991236466505
"block_eigen_ridge_fixed","block_eigen_unfiltered","block_0002",1000,"same installed builder packed runtime cross-product","ridge_fixed",0.0101010101010101,1000,1000,1,803.946392730854,8134.66067097741,0,3498567.57958984,3498567.57958984,1,3498567.57958984,0,125185.95363252,0.00471377674880476,58549.353447911,0.990000000092088,10.1184118052269,3327.65991210938,3715.50903320312,3498.56757958984,2.82077026367188,0.0100001144501854,66.4670032972754,1419.17808518419,0.00435005248706813,0.999996251431665,0.0047520564236117,0.999991236466505
"block_eigen_ridge_fixed","block_eigen_unfiltered","block_0003",1000,"same installed builder packed runtime cross-product","ridge_fixed",0.0101010101010101,1000,1000,1,769.561792273738,8198.60787583022,0,3499325.12158203,3499325.12158203,1,3499325.12158203,0,125159.559126508,0.00470657920762054,58447.2311529677,0.99000000001557,10.6536056729203,3318.51391601562,3696.83618164062,3499.32512158203,2.806396484375,0.0100001155987271,68.7297548511383,1208.18779937364,0.00435005248706813,0.999996251431665,0.0047520564236117,0.999991236466505
"block_eigen_ridge_fixed","block_eigen_unfiltered","block_0004",1000,"same installed builder packed runtime cross-product","ridge_fixed",0.0101010101010101,1000,1000,1,794.129784123943,8098.83810040433,0,3501295.49511719,3501295.49511719,1,3501295.49511719,0,125289.607071224,0.00471455883744702,58607.5969770902,0.989999999996534,10.1983809980615,3264.77270507812,3675.95532226562,3501.29549511719,2.8148193359375,0.0100001156260051,73.401116443827,1483.52756390581,0.00435005248706813,0.999996251431665,0.0047520564236117,0.999991236466505
"block_eigen_ridge_fixed","block_eigen_unfiltered","block_0005",1000,"same installed builder packed runtime cross-product","ridge_fixed",0.0101010101010101,1000,1000,1,789.739129679155,8111.8988950533,0,3499000.95385742,3499000.95385742,1,3499000.95385742,0,125242.889807497,0.00471927493728078,58644.6094416801,0.9900000000081,10.2716182979928,3301.91162109375,3676.73266601562,3499.00095385742,2.67593383789062,0.0100001162380984,71.6326053590201,1370.76503897551,0.00435005248706813,0.999996251431665,0.0047520564236117,0.999991236466505
"block_eigen_ridge_fixed","block_eigen_unfiltered","block_0006",1000,"same installed builder packed runtime cross-product","ridge_fixed",0.0101010101010101,1000,1000,1,796.162384275555,8113.76512988946,0,3496969.85473633,3496969.85473633,1,3496969.85473633,0,125150.020600265,0.00471673546303328,58569.4497209155,0.989999999998367,10.191093287172,3292.15087890625,3695.4619140625,3496.96985473633,2.66107177734375,0.0100001149492429,70.7481436237867,1114.41739869583,0.00435005248706813,0.999996251431665,0.0047520564236117,0.999991236466505
"block_eigen_ridge_fixed","block_eigen_unfiltered","block_0007",1000,"same installed builder packed runtime cross-product","ridge_fixed",0.0101010101010101,1000,1000,1,789.726639902341,8201.94226790591,0,3499072.15332031,3499072.15332031,1,3499072.15332031,0,125276.834864397,0.00472338806054005,58711.8584830071,0.990000000078744,10.385799153135,3320.3896484375,3709.44213867188,3499.07215332031,2.84780883789062,0.0100001159033301,69.303016156472,2228.20987243159,0.00435005248706813,0.999996251431665,0.0047520564236117,0.999991236466505
"block_eigen_ridge_fixed","block_eigen_unfiltered","block_0008",1000,"same installed builder packed runtime cross-product","ridge_fixed",0.0101010101010101,1000,1000,1,813.980666317575,8086.98217280942,0,3499683.99633789,3499683.99633789,1,3499683.99633789,0,125226.492302148,0.00471378983711328,58568.4758027482,0.989999999942566,9.93510350730405,3317.22338867188,3734.97778320312,3499.68399633789,2.92498779296875,0.0100001139085512,70.4590728114508,1077.56080128904,0.00435005248706813,0.999996251431665,0.0047520564236117,0.999991236466505
"block_eigen_ridge_fixed","block_eigen_unfiltered","block_0009",1000,"same installed builder packed runtime cross-product","ridge_fixed",0.0101010101010101,1000,1000,1,787.36194979861,8179.88917913167,0,3498980.36401367,3498980.36401367,1,3498980.36401367,0,125205.936272602,0.00471462163795057,58569.2415902617,0.990000000040136,10.3889820700936,3302.4375,3678.42211914062,3498.98036401367,3.12518310546875,0.010000116216266,77.5982700818749,1582.64574466739,0.00435005248706813,0.999996251431665,0.0047520564236117,0.999991236466505
"block_eigen_ridge_fixed","block_eigen_unfiltered","block_0010",1000,"same installed builder packed runtime cross-product","ridge_fixed",0.0101010101010101,1000,1000,1,797.17262542087,8136.05363044467,0,3500024.3269043,3500024.3269043,1,3500024.3269043,0,125194.829509796,0.00470800667311417,58481.5116620581,0.989999999980553,10.2061377561092,3295.0703125,3695.13696289062,3500.0243269043,2.85531616210938,0.0100001168182807,65.5882496265076,1558.64352007071,0.00435005248706813,0.999996251431665,0.0047520564236117,0.999991236466505
"block_eigen_ridge_fixed","block_eigen_unfiltered","block_0011",1000,"same installed builder packed runtime cross-product","ridge_fixed",0.0101010101010101,1000,1000,1,794.1242535736,8103.78607327644,0,3502490.41625977,3502490.41625977,1,3502490.41625977,0,125277.771007041,0.00470724564922399,58510.7529193299,0.98999999975688,10.2046827518603,3313.55688476562,3684.27978515625,3502.49041625977,2.73867797851562,0.0100001162572084,62.9339412708341,1888.50772822415,0.00435005248706813,0.999996251431665,0.0047520564236117,0.999991236466505
"block_eigen_ridge_fixed","block_eigen_unfiltered","block_0012",1000,"same installed builder packed runtime cross-product","ridge_fixed",0.0101010101010101,1000,1000,1,783.974829312333,8185.35414977909,0,3500587.24169922,3500587.24169922,1,3500587.24169922,0,125264.996632536,0.00471479879128377,58599.0812909662,0.990000000153861,10.4408379500639,3293.70947265625,3693.17724609375,3500.58724169922,2.87142944335938,0.0100001155755509,88.0261668329003,1147.60256234743,0.00435005248706813,0.999996251431665,0.0047520564236117,0.999991236466505
"block_eigen_ridge_fixed","block_eigen_unfiltered","block_0013",1000,"same installed builder packed runtime cross-product","ridge_fixed",0.0101010101010101,1000,1000,1,797.521537529223,8123.40660598171,0,3499547.4206543,3499547.4206543,1,3499547.4206543,0,125174.026583198,0.00470744584752013,58464.7978538728,0.989999999955134,10.1858147068336,3320.86962890625,3706.27075195312,3499.5474206543,2.78713989257812,0.0100001152561238,70.6711693612788,1587.45982315578,0.00435005248706813,0.999996251431665,0.0047520564236117,0.999991236466505
"block_eigen_ridge_fixed","block_eigen_unfiltered","block_0014",1000,"same installed builder packed runtime cross-product","ridge_fixed",0.0101010101010101,1000,1000,1,785.661775936519,8123.4970147582,0,3501399.51513672,3501399.51513672,1,3501399.51513672,0,125251.861676943,0.00470905324704077,58521.215935802,0.989999999874601,10.3396872083727,3311.259765625,3683.75805664062,3501.39951513672,3.14675903320312,0.0100001154020871,68.9979510627682,1161.31629308732,0.00435005248706813,0.999996251431665,0.0047520564236117,0.999991236466505
"block_eigen_ridge_fixed","block_eigen_unfiltered","block_0015",1000,"same installed builder packed runtime cross-product","ridge_fixed",0.0101010101010101,1000,1000,1,794.930127049743,8155.59844193894,0,3498921.69995117,3498921.69995117,1,3498921.69995117,0,125240.781547242,0.00471946445887212,58645.9872954797,0.98999999992109,10.259516106412,3316.162109375,3688.896484375,3498.92169995117,3.21090698242188,0.0100001146346045,79.2055019963973,1025.72255602013,0.00435005248706813,0.999996251431665,0.0047520564236117,0.999991236466505
"block_eigen_ridge_fixed","block_eigen_unfiltered","block_0016",1000,"same installed builder packed runtime cross-product","ridge_fixed",0.0101010101010101,1000,1000,1,771.408432376402,8193.44154643736,0,3497626.16796875,3497626.16796875,1,3497626.16796875,0,125204.156260501,0.00472086957393489,58646.3705139152,0.989999999991291,10.6214052148699,3356.23461914062,3668.90454101562,3497.62616796875,2.82232666015625,0.0100001153415841,68.9369654703769,457.926619822625,0.00435005248706813,0.999996251431665,0.0047520564236117,0.999991236466505
"block_eigen_ridge_fixed","block_eigen_unfiltered","block_0017",1000,"same installed builder packed runtime cross-product","ridge_fixed",0.0101010101010101,1000,1000,1,803.889030079015,8146.08032487234,0,3498583.08422852,3498583.08422852,1,3498583.08422852,0,125146.989330221,0.00470861412380264,58466.7402121544,0.989999999934549,10.1333393292749,3323.73168945312,3680.38012695312,3498.58308422852,2.69143676757812,0.0100001146010911,77.2335621311113,1525.55748677719,0.00435005248706813,0.999996251431665,0.0047520564236117,0.999991236466505
"block_eigen_ridge_fixed","block_eigen_unfiltered","block_0018",1000,"same installed builder packed runtime cross-product","ridge_fixed",0.0101010101010101,1000,1000,1,801.02626989434,8076.67105026065,0,3497594.00244141,3497594.00244141,1,3497594.00244141,0,125122.559544211,0.00471004176900561,58473.1291137926,0.989999999929069,10.0829040866862,3287.82885742188,3664.04052734375,3497.59400244141,2.75830078125,0.0100001165638256,65.9795129758897,2123.82958514383,0.00435005248706813,0.999996251431665,0.0047520564236117,0.999991236466505
"block_eigen_ridge_fixed","block_eigen_unfiltered","block_0019",1000,"same installed builder packed runtime cross-product","ridge_fixed",0.0101010101010101,1000,1000,1,777.178255047193,8126.18268160569,0,3502122.82543945,3502122.82543945,1,3502122.82543945,0,125343.581339744,0.00471782760136178,58673.6782324915,0.990000000062127,10.4560088098608,3307.80737304688,3705.62866210938,3502.12282543945,2.71051025390625,0.0100001161099507,85.3586870860477,1451.54371752497,0.00435005248706813,0.999996251431665,0.0047520564236117,0.999991236466505
"block_eigen_ridge_fixed","block_eigen_unfiltered","block_0020",1000,"same installed builder packed runtime cross-product","ridge_fixed",0.0101010101010101,1000,1000,1,797.618214205692,8113.76625146072,0,3499176.37280273,3499176.37280273,1,3499176.37280273,0,125185.769476652,0.00471071165981364,58511.0265363941,0.989999999965489,10.1724936905319,3308.55834960938,3675.93237304688,3499.17637280273,3.16726684570312,0.0100001157894601,64.6995466206554,835.385935519822,0.00435005248706813,0.999996251431665,0.0047520564236117,0.999991236466505
"block_eigen_ridge_fixed","block_eigen_unfiltered","block_0021",1000,"same installed builder packed runtime cross-product","ridge_fixed",0.0101010101010101,1000,1000,1,784.760130362187,8116.84589944887,0,3497287.63305664,3497287.63305664,1,3497287.63305664,0,125156.458616736,0.00471592552867732,58562.3602563467,0.99000000001013,10.3430915835425,3313.93212890625,3691.751953125,3497.28763305664,2.73965454101562,0.0100001164144217,72.2098537319312,1042.00064431457,0.00435005248706813,0.999996251431665,0.0047520564236117,0.999991236466505
"block_eigen_ridge_fixed","block_eigen_unfiltered","block_0022",1000,"same installed builder packed runtime cross-product","ridge_fixed",0.0101010101010101,1000,1000,1,786.522774805478,8140.49421195792,0,3498731.87182617,3498731.87182617,1,3498731.87182617,0,125155.327838413,0.0047089005478175,58474.2088404571,0.990000000016645,10.3499790123321,3301.3984375,3671.85595703125,3498.73187182617,2.81893920898438,0.0100001166132543,71.5219106668164,1472.88487666147,0.00435005248706813,0.999996251431665,0.0047520564236117,0.999991236466505
"block_eigen_ridge_fixed","block_eigen_unfiltered","block_0023",1000,"same installed builder packed runtime cross-product","ridge_fixed",0.0101010101010101,1000,1000,1,792.202631134788,8135.09433968585,0,3498299.47607422,3498299.47607422,1,3498299.47607422,0,125185.118008849,0.00471508726228937,58565.3119841045,0.98999999998787,10.2689564764923,3285.50048828125,3673.9794921875,3498.29947607422,2.97421264648438,0.010000115246636,85.9048216266583,1205.42870335747,0.00435005248706813,0.999996251431665,0.0047520564236117,0.999991236466505
"block_eigen_ridge_fixed","block_eigen_unfiltered","block_0024",1000,"same installed builder packed runtime cross-product","ridge_fixed",0.0101010101010101,1000,1000,1,801.23621484157,8149.22808769667,0,3498939.31689453,3498939.31689453,1,3498939.31689453,0,125193.302731264,0.00471298121523418,58542.8644055653,0.990000000006413,10.1708184637012,3338.44873046875,3676.57568359375,3498.93931689453,2.70938110351562,0.0100001150355988,66.1881981735114,768.000979670789,0.00435005248706813,0.999996251431665,0.0047520564236117,0.999991236466505
"block_eigen_ridge_fixed","block_eigen_unfiltered","block_0025",1000,"same installed builder packed runtime cross-product","ridge_fixed",0.0101010101010101,1000,1000,1,798.291897259875,8232.60773407217,0,3497556.49658203,3497556.49658203,1,3497556.49658203,0,125086.73753403,0.00470544035333011,58399.028031753,0.990000000029708,10.3127787746944,3302.16357421875,3681.98461914062,3497.55649658203,2.75570678710938,0.0100001161589951,68.0440856616351,2119.40764134377,0.00435005248706813,0.999996251431665,0.0047520564236117,0.999991236466505
"block_eigen_ridge_fixed","block_eigen_unfiltered","block_0026",1000,"same installed builder packed runtime cross-product","ridge_fixed",0.0101010101010101,1000,1000,1,806.985817209387,8209.81782484474,0,3502452.80151367,3502452.80151367,1,3502452.80151367,0,125305.152185308,0.00471114575714492,58572.2471498599,0.990000000127412,10.1734350836981,3310.19360351562,3677.486328125,3502.45280151367,2.82806396484375,0.0100001155251407,65.4076576365223,976.831379975192,0.00435005248706813,0.999996251431665,0.0047520564236117,0.999991236466505
"block_eigen_ridge_fixed","block_eigen_unfiltered","block_0027",1000,"same installed builder packed runtime cross-product","ridge_fixed",0.0101010101010101,1000,1000,1,784.684517377581,8220.62012198511,0,3498863.46972656,3498863.46972656,1,3498863.46972656,0,125254.194858982,0.00472165712388549,58679.6405643317,0.990000000089591,10.4763378656412,3292.34790039062,3689.1611328125,3498.86346972656,2.9849853515625,0.0100001165171814,66.0892848997191,1573.23799045291,0.00435005248706813,0.999996251431665,0.0047520564236117,0.999991236466505
"block_eigen_ridge_fixed","block_eigen_unfiltered","block_0028",1000,"same installed builder packed runtime cross-product","ridge_fixed",0.0101010101010101,1000,1000,1,780.236469807726,8185.8489982095,0,3500615.94726562,3500615.94726562,1,3500615.94726562,0,125185.108280967,0.004703922816054,58426.0209289376,0.989999999860467,10.4914975330835,3329.32299804688,3716.0751953125,3500.61594726562,2.86474609375,0.0100001148132258,69.4951260019579,1834.0630522659,0.00435005248706813,0.999996251431665,0.0047520564236117,0.999991236466505
"block_eigen_ridge_fixed","block_eigen_unfiltered","block_0029",1000,"same installed builder packed runtime cross-product","ridge_fixed",0.0101010101010101,1000,1000,1,785.161852433504,8165.66717625543,0,3502173.18212891,3502173.18212891,1,3502173.18212891,0,125289.002046404,0.00471025979488612,58553.6349185957,0.990000000003525,10.399979508616,3280.62377929688,3758.52001953125,3502.17318212891,2.76220703125,0.0100001150491037,75.5307224684702,770.540632427204,0.00435005248706813,0.999996251431665,0.0047520564236117,0.999991236466505
"block_eigen_ridge_fixed","block_eigen_unfiltered","block_0030",1000,"same installed builder packed runtime cross-product","ridge_fixed",0.0101010101010101,1000,1000,1,795.050618770453,8128.50175150161,0,3500402.65136719,3500402.65136719,1,3500402.65136719,0,125218.817197946,0.00470937947443737,58509.8481031615,0.98999999994769,10.2238795362141,3335.59228515625,3668.60498046875,3500.40265136719,3.02920532226562,0.0100001161099507,71.4898195805627,1023.73742616689,0.00435005248706813,0.999996251431665,0.0047520564236117,0.999991236466505
"block_eigen_ridge_fixed","block_eigen_unfiltered","block_0031",1000,"same installed builder packed runtime cross-product","ridge_fixed",0.0101010101010101,1000,1000,1,798.238798808584,8114.01477386016,0,3502977.47509766,3502977.47509766,1,3502977.47509766,0,125332.568657487,0.00471221849077509,58598.4606097296,0.989999999941793,10.1648965021129,3292.4521484375,3661.015625,3502.97747509766,3.04434204101562,0.0100001137867511,64.4342138773436,813.099618242122,0.00435005248706813,0.999996251431665,0.0047520564236117,0.999991236466505
"block_eigen_ridge_fixed","block_eigen_unfiltered","block_0032",1000,"same installed builder packed runtime cross-product","ridge_fixed",0.0101010101010101,1000,1000,1,781.899341571021,8100.41596191303,0,3497866.3815918,3497866.3815918,1,3497866.3815918,0,125126.254896318,0.00470911962137475,58463.3582183548,0.990000000152033,10.359921707617,3314.6171875,3743.9794921875,3497.8663815918,3.15634155273438,0.0100001139693646,65.5044768571179,1980.79744548444,0.00435005248706813,0.999996251431665,0.0047520564236117,0.999991236466505
"block_eigen_ridge_fixed","block_eigen_unfiltered","block_0033",1000,"same installed builder packed runtime cross-product","ridge_fixed",0.0101010101010101,1000,1000,1,797.523534658752,8130.00278410353,0,3500299.22900391,3500299.22900391,1,3500299.22900391,0,125214.177431316,0.00470922187449867,58505.7138537309,0.990000000011423,10.1940600255543,3325.32446289062,3728.29370117188,3500.29922900391,2.901611328125,0.0100001152303749,72.9690212740661,1142.67303385073,0.00435005248706813,0.999996251431665,0.0047520564236117,0.999991236466505
"block_eigen_ridge_fixed","block_eigen_unfiltered","block_0034",1000,"same installed builder packed runtime cross-product","ridge_fixed",0.0101010101010101,1000,1000,1,791.118391880103,8202.42485179043,0,3500290.79589844,3500290.79589844,1,3500290.79589844,0,125265.566674565,0.00471634503238939,58618.6510696895,0.990000000109939,10.3681382407218,3320.90014648438,3691.02124023438,3500.29079589844,2.88021850585938,0.0100001157664423,72.809405283936,1332.6975012878,0.00435005248706813,0.999996251431665,0.0047520564236117,0.999991236466505
"block_eigen_ridge_fixed","block_eigen_unfiltered","block_0035",1000,"same installed builder packed runtime cross-product","ridge_fixed",0.0101010101010101,1000,1000,1,786.574054106874,8142.24024072353,0,3500722.28881836,3500722.28881836,1,3500722.28881836,0,125214.364267768,0.00470741522277063,58483.256017871,0.989999999933781,10.3515240532168,3342.83764648438,3675.52783203125,3500.72228881836,2.76144409179688,0.0100001161521809,75.7204162755329,1100.17040080158,0.00435005248706813,0.999996251431665,0.0047520564236117,0.999991236466505
"block_eigen_ridge_fixed","block_eigen_unfiltered","block_0036",1000,"same installed builder packed runtime cross-product","ridge_fixed",0.0101010101010101,1000,1000,1,793.537268902725,8100.6916431239,0,3501563.76464844,3501563.76464844,1,3501563.76464844,0,125260.838995497,0.00470938873857146,58529.5984405666,0.989999999871719,10.208331682172,3306.16259765625,3701.86572265625,3501.56376464844,3.09634399414062,0.0100001165048407,69.746343694281,1499.52763179503,0.00435005248706813,0.999996251431665,0.0047520564236117,0.999991236466505
"block_eigen_ridge_fixed","block_eigen_unfiltered","block_0037",1000,"same installed builder packed runtime cross-product","ridge_fixed",0.0101010101010101,1000,1000,1,796.576233739592,8151.57440498521,0,3498458.62158203,3498458.62158203,1,3498458.62158203,0,125175.749320217,0.00471285681956995,58533.1047607292,0.990000000093433,10.2332633836149,3328.93286132812,3678.41967773438,3498.45862158203,2.83001708984375,0.0100001167438926,69.5165447060767,836.3789749071,0.00435005248706813,0.999996251431665,0.0047520564236117,0.999991236466505
"block_eigen_ridge_fixed","block_eigen_unfiltered","block_0038",991,"same installed builder packed runtime cross-product","ridge_fixed",0.0101010101010101,991,991,1,804.311431945545,8133.65697760305,0,3462579.60864258,3462579.60864258,1,3462579.60864258,0,124337.136811373,0.00469730940698601,57948.3126783416,0.99000000008263,10.1125716414705,3314.48413085938,3705.40478515625,3494.0258412135,3.01824951171875,0.010000115375189,79.9292720804242,1407.85912359925,0.00435005248706813,0.999996251431665,0.0047520564236117,0.999991236466505
"block_eigen_ridge_lw_sensitivity","block_eigen_unfiltered","block_0001",1000,"same installed builder packed runtime cross-product","ridge_lw",0,1000,1000,1,3290.24438476562,3667.65991210938,0,3500081.97436523,3500081.97436523,1,3500081.97436523,0,110698.473727095,0.47118036589129,0,0,1.11470744516463,3290.24438476562,3667.65991210938,3500.08197436523,301.400543212891,1,7057.8458974769,142706.849041431,0.434790674355908,0.924476928072152,0.474797269670297,0.88009585784318
"block_eigen_ridge_lw_sensitivity","block_eigen_unfiltered","block_0002",1000,"same installed builder packed runtime cross-product","ridge_lw",0,1000,1000,1,3327.65991210938,3715.50903320312,0,3498567.57958984,3498567.57958984,1,3498567.57958984,0,110650.333021257,0.47137767921833,0,0,1.11655311279929,3327.65991210938,3715.50903320312,3498.56757958984,282.074249267578,1,6646.69564001799,141917.98608007,0.434790674355908,0.924476928072152,0.474797269670297,0.88009585784318
"block_eigen_ridge_lw_sensitivity","block_eigen_unfiltered","block_0003",1000,"same installed builder packed runtime cross-product","ridge_lw",0,1000,1000,1,3318.51391601562,3696.83618164062,0,3499325.12158203,3499325.12158203,1,3499325.12158203,0,110674.461423101,0.470657921491867,0,0,1.11400351940643,3318.51391601562,3696.83618164062,3499.32512158203,280.641693115234,1,6872.98279237127,120818.760865609,0.434790674355908,0.924476928072152,0.474797269670297,0.88009585784318
"block_eigen_ridge_lw_sensitivity","block_eigen_unfiltered","block_0004",1000,"same installed builder packed runtime cross-product","ridge_lw",0,1000,1000,1,3264.77270507812,3675.95532226562,0,3501295.49511719,3501295.49511719,1,3501295.49511719,0,110736.78348513,0.471455883578303,0,0,1.12594525081269,3264.77270507812,3675.95532226562,3501.29549511719,281.483123779297,1,7340.12339536328,148352.519824876,0.434790674355908,0.924476928072152,0.474797269670297,0.88009585784318
"block_eigen_ridge_lw_sensitivity","block_eigen_unfiltered","block_0005",1000,"same installed builder packed runtime cross-product","ridge_lw",0,1000,1000,1,3301.83174049416,3676.84464784304,0,3499000.95385742,3499000.95385742,1,3499000.95385742,0,110664.387221647,0.470939859325484,123.969257555053,0.00209276805061779,1.11357723131366,3301.91162109375,3676.73266601562,3499.00095385742,267.033586084843,0.997907232187488,7148.27338223066,136789.471833949,0.434790674355908,0.924476928072152,0.474797269670297,0.88009585784318
"block_eigen_ridge_lw_sensitivity","block_eigen_unfiltered","block_0006",1000,"same installed builder packed runtime cross-product","ridge_lw",0,1000,1000,1,3292.14334455983,3695.47100890276,0,3496969.85473633,3496969.85473633,1,3496969.85473633,0,110599.045240039,0.471355399194535,39.9045393014121,0.000674506830721087,1.12251218192228,3292.15087890625,3695.4619140625,3496.96985473633,265.927137687802,0.999325493236953,7070.04755149037,111366.676856904,0.434790674355908,0.924476928072152,0.474797269670297,0.88009585784318
"block_eigen_ridge_lw_sensitivity","block_eigen_unfiltered","block_0007",1000,"same installed builder packed runtime cross-product","ridge_lw",0,1000,1000,1,3319.9805198775,3709.815032029,0,3499072.15332031,3499072.15332031,1,3499072.15332031,0,110667.381427294,0.470288260664867,257.458465451408,0.0043412674611712,1.11742072274746,3320.3896484375,3709.44213867188,3499.07215332031,283.543267250061,0.995658733021828,6900.22975718754,221854.319289281,0.434790674355908,0.924476928072152,0.474797269670297,0.88009585784318
"block_eigen_ridge_lw_sensitivity","block_eigen_unfiltered","block_0008",1000,"same installed builder packed runtime cross-product","ridge_lw",0,1000,1000,1,3317.22338867188,3734.97778320312,0,3499683.99633789,3499683.99633789,1,3499683.99633789,0,110686.078693045,0.471378981001048,0,0,1.12593495993,3317.22338867188,3734.97778320312,3499.68399633789,292.496887207031,1,7045.90980226802,107755.647795469,0.434790674355908,0.924476928072152,0.474797269670297,0.88009585784318
"block_eigen_ridge_lw_sensitivity","block_eigen_unfiltered","block_0009",1000,"same installed builder packed runtime cross-product","ridge_lw",0,1000,1000,1,3302.4375,3678.42211914062,0,3498980.36401367,3498980.36401367,1,3498980.36401367,0,110662.416463045,0.471462165684321,0,0,1.11385063885104,3302.4375,3678.42211914062,3498.98036401367,312.519714355469,1,7759.83199915596,158264.669143361,0.434790674355908,0.924476928072152,0.474797269670297,0.88009585784318
"block_eigen_ridge_lw_sensitivity","block_eigen_unfiltered","block_0010",1000,"same installed builder packed runtime cross-product","ridge_lw",0,1000,1000,1,3295.0703125,3695.13696289062,0,3500024.3269043,3500024.3269043,1,3500024.3269043,0,110696.242617839,0.470800666392844,0,0,1.12141369149938,3295.0703125,3695.13696289062,3500.0243269043,285.530670166016,1,6558.82965648205,155864.330226249,0.434790674355908,0.924476928072152,0.474797269670297,0.88009585784318
"block_eigen_ridge_lw_sensitivity","block_eigen_unfiltered","block_0011",1000,"same installed builder packed runtime cross-product","ridge_lw",0,1000,1000,1,3313.55688476562,3684.27978515625,0,3502490.41625977,3502490.41625977,1,3502490.41625977,0,110774.598628502,0.470724553475147,0,0,1.11188065069746,3313.55688476562,3684.27978515625,3502.49041625977,273.867828369141,1,6293.394725315,188850.963052885,0.434790674355908,0.924476928072152,0.474797269670297,0.88009585784318
"block_eigen_ridge_lw_sensitivity","block_eigen_unfiltered","block_0012",1000,"same installed builder packed runtime cross-product","ridge_lw",0,1000,1000,1,3293.70947265625,3693.17724609375,0,3500587.24169922,3500587.24169922,1,3500587.24169922,0,110713.445674877,0.471479886379623,0,0,1.12128203071759,3293.70947265625,3693.17724609375,3500.58724169922,287.143981933594,1,8802.6195088283,114760.214838371,0.434790674355908,0.924476928072152,0.474797269670297,0.88009585784318
"block_eigen_ridge_lw_sensitivity","block_eigen_unfiltered","block_0013",1000,"same installed builder packed runtime cross-product","ridge_lw",0,1000,1000,1,3320.86962890625,3706.27075195312,0,3499547.4206543,3499547.4206543,1,3499547.4206543,0,110681.544726106,0.470744582636985,0,0,1.11605427677503,3320.86962890625,3706.27075195312,3499.5474206543,278.715362548828,1,7067.11424456058,158746.099080007,0.434790674355908,0.924476928072152,0.474797269670297,0.88009585784318
"block_eigen_ridge_lw_sensitivity","block_eigen_unfiltered","block_0014",1000,"same installed builder packed runtime cross-product","ridge_lw",0,1000,1000,1,3311.259765625,3683.75805664062,0,3501399.51513672,3501399.51513672,1,3501399.51513672,0,110739.767648914,0.470905318795986,0,0,1.11249443335211,3311.259765625,3683.75805664062,3501.39951513672,314.677825927734,1,6899.7973435975,116131.943592132,0.434790674355908,0.924476928072152,0.474797269670297,0.88009585784318
"block_eigen_ridge_lw_sensitivity","block_eigen_unfiltered","block_0015",1000,"same installed builder packed runtime cross-product","ridge_lw",0,1000,1000,1,3316.05518023534,3689.00384401739,0,3498921.69995117,3498921.69995117,1,3498921.69995117,0,110661.28254852,0.470879989907922,133.86030391646,0.00225968914461344,1.11246756869576,3316.162109375,3688.896484375,3498.92169995117,320.364463210106,0.997740311100661,7902.65373901281,102340.641926694,0.434790674355908,0.924476928072152,0.474797269670297,0.88009585784318
"block_eigen_ridge_lw_sensitivity","block_eigen_unfiltered","block_0016",1000,"same installed builder packed runtime cross-product","ridge_lw",0,1000,1000,1,3355.79372736923,3669.1519043586,0,3497626.16796875,3497626.16796875,1,3497626.16796875,0,110619.686934041,0.470680057348355,176.541600382113,0.0029801705177183,1.09337825934701,3356.23461914062,3668.90454101562,3497.62616796875,281.391229867935,0.997019829794433,6873.13361669237,45656.3237795574,0.434790674355908,0.924476928072152,0.474797269670297,0.88009585784318
"block_eigen_ridge_lw_sensitivity","block_eigen_unfiltered","block_0017",1000,"same installed builder packed runtime cross-product","ridge_lw",0,1000,1000,1,3323.73168945312,3680.38012695312,0,3498583.08422852,3498583.08422852,1,3498583.08422852,0,110649.940024308,0.470861409295421,0,0,1.10730361858983,3323.73168945312,3680.38012695312,3498.58308422852,269.142456054688,1,7723.35421104058,152555.748988579,0.434790674355908,0.924476928072152,0.474797269670297,0.88009585784318
"block_eigen_ridge_lw_sensitivity","block_eigen_unfiltered","block_0018",1000,"same installed builder packed runtime cross-product","ridge_lw",0,1000,1000,1,3287.82885742188,3664.04052734375,0,3497594.00244141,3497594.00244141,1,3497594.00244141,0,110618.931826954,0.471004173556681,0,0,1.11442556356686,3287.82885742188,3664.04052734375,3497.59400244141,275.831573486328,1,6597.94586060253,212383.779533095,0.434790674355908,0.924476928072152,0.474797269670297,0.88009585784318
"block_eigen_ridge_lw_sensitivity","block_eigen_unfiltered","block_0019",1000,"same installed builder packed runtime cross-product","ridge_lw",0,1000,1000,1,3307.77439706012,3705.66554064908,0,3502122.82543945,3502122.82543945,1,3502122.82543945,0,110762.893583296,0.47118022983945,75.6914892816495,0.00127714124375518,1.12028968600235,3307.80737304688,3705.62866210938,3502.12282543945,270.704763501883,0.99872285888804,8524.96540955422,144968.978329529,0.434790674355908,0.924476928072152,0.474797269670297,0.88009585784318
"block_eigen_ridge_lw_sensitivity","block_eigen_unfiltered","block_0020",1000,"same installed builder packed runtime cross-product","ridge_lw",0,1000,1000,1,3308.55834960938,3675.93237304688,0,3499176.37280273,3499176.37280273,1,3499176.37280273,0,110670.396462282,0.47107116435267,0,0,1.11103749265322,3308.55834960938,3675.93237304688,3499.17637280273,316.726409912109,1,6469.94634204006,83539.3126362842,0.434790674355908,0.924476928072152,0.474797269670297,0.88009585784318
"block_eigen_ridge_lw_sensitivity","block_eigen_unfiltered","block_0021",1000,"same installed builder packed runtime cross-product","ridge_lw",0,1000,1000,1,3313.92765261625,3691.75665235414,0,3497287.63305664,3497287.63305664,1,3497287.63305664,0,110610.080072409,0.471378792216179,26.8129851466037,0.000453275024763581,1.11401244666268,3313.93212890625,3691.751953125,3497.28763305664,273.839716717601,0.99954672502671,7217.71924281896,104153.065245866,0.434790674355908,0.924476928072152,0.474797269670297,0.88009585784318
"block_eigen_ridge_lw_sensitivity","block_eigen_unfiltered","block_0022",1000,"same installed builder packed runtime cross-product","ridge_lw",0,1000,1000,1,3301.3984375,3671.85595703125,0,3498731.87182617,3498731.87182617,1,3498731.87182617,0,110655.424570254,0.470890055562558,0,0,1.11221230231507,3301.3984375,3671.85595703125,3498.73187182617,281.894409179688,1,7152.18805178149,147288.829922092,0.434790674355908,0.924476928072152,0.474797269670297,0.88009585784318
"block_eigen_ridge_lw_sensitivity","block_eigen_unfiltered","block_0023",1000,"same installed builder packed runtime cross-product","ridge_lw",0,1000,1000,1,3285.50048828125,3673.9794921875,0,3498299.47607422,3498299.47607422,1,3498299.47607422,0,110640.941803177,0.471508725654015,0,0,1.11824043408055,3285.50048828125,3673.9794921875,3498.29947607422,297.418670654297,1,8590.47521225323,120543.197872781,0.434790674355908,0.924476928072152,0.474797269670297,0.88009585784318
"block_eigen_ridge_lw_sensitivity","block_eigen_unfiltered","block_0024",1000,"same installed builder packed runtime cross-product","ridge_lw",0,1000,1000,1,3338.44873046875,3676.57568359375,0,3498939.31689453,3498939.31689453,1,3498939.31689453,0,110662.080569423,0.471298121822684,0,0,1.10128265563555,3338.44873046875,3676.57568359375,3498.93931689453,270.940246582031,1,6618.81140896851,76800.4322083411,0.434790674355908,0.924476928072152,0.474797269670297,0.88009585784318
"block_eigen_ridge_lw_sensitivity","block_eigen_unfiltered","block_0025",1000,"same installed builder packed runtime cross-product","ridge_lw",0,1000,1000,1,3302.16357421875,3681.98461914062,0,3497556.49658203,3497556.49658203,1,3497556.49658203,0,110617.563848847,0.470544036727926,0,0,1.11502187471489,3302.16357421875,3681.98461914062,3497.55649658203,275.572814941406,1,6804.41850660529,211940.887111585,0.434790674355908,0.924476928072152,0.474797269670297,0.88009585784318
"block_eigen_ridge_lw_sensitivity","block_eigen_unfiltered","block_0026",1000,"same installed builder packed runtime cross-product","ridge_lw",0,1000,1000,1,3310.19360351562,3677.486328125,0,3502452.80151367,3502452.80151367,1,3502452.80151367,0,110773.069958356,0.471114581714083,0,0,1.11095807937617,3310.19360351562,3677.486328125,3502.45280151367,282.80712890625,1,6540.77416230139,97683.5555142658,0.434790674355908,0.924476928072152,0.474797269670297,0.88009585784318
"block_eigen_ridge_lw_sensitivity","block_eigen_unfiltered","block_0027",1000,"same installed builder packed runtime cross-product","ridge_lw",0,1000,1000,1,3292.15385286126,3689.41386767773,0,3498863.46972656,3498863.46972656,1,3498863.46972656,0,110658.720383758,0.470586834086947,198.201811319137,0.00334391607270639,1.12066872709221,3292.34790039062,3689.1611328125,3498.86346972656,297.501354396343,0.996656084289934,6586.8282981307,156798.233938007,0.434790674355908,0.924476928072152,0.474797269670297,0.88009585784318
"block_eigen_ridge_lw_sensitivity","block_eigen_unfiltered","block_0028",1000,"same installed builder packed runtime cross-product","ridge_lw",0,1000,1000,1,3329.32299804688,3716.0751953125,0,3500615.94726562,3500615.94726562,1,3500615.94726562,0,110714.54924141,0.470392275038928,0,0,1.11616541786198,3329.32299804688,3716.0751953125,3500.61594726562,286.474945068359,1,6949.51264269783,183406.43236285,0.434790674355908,0.924476928072152,0.474797269670297,0.88009585784318
"block_eigen_ridge_lw_sensitivity","block_eigen_unfiltered","block_0029",1000,"same installed builder packed runtime cross-product","ridge_lw",0,1000,1000,1,3280.62377929688,3758.52001953125,0,3502173.18212891,3502173.18212891,1,3502173.18212891,0,110764.641793326,0.471025979651669,0,0,1.14567236976402,3280.62377929688,3758.52001953125,3502.17318212891,276.219757080078,1,7553.07525963135,77054.1193945939,0.434790674355908,0.924476928072152,0.474797269670297,0.88009585784318
"block_eigen_ridge_lw_sensitivity","block_eigen_unfiltered","block_0030",1000,"same installed builder packed runtime cross-product","ridge_lw",0,1000,1000,1,3335.59228515625,3668.60498046875,0,3500402.65136719,3500402.65136719,1,3500402.65136719,0,110708.400112176,0.47093794497725,0,0,1.09983615107711,3335.59228515625,3668.60498046875,3500.40265136719,302.919708251953,1,7148.97824958913,102373.66817101,0.434790674355908,0.924476928072152,0.474797269670297,0.88009585784318
"block_eigen_ridge_lw_sensitivity","block_eigen_unfiltered","block_0031",1000,"same installed builder packed runtime cross-product","ridge_lw",0,1000,1000,1,3292.4521484375,3661.015625,0,3502977.47509766,3502977.47509766,1,3502977.47509766,0,110790.221501962,0.47122184633164,0,0,1.11194193869679,3292.4521484375,3661.015625,3502.97747509766,304.431976318359,1,6443.41923982965,81309.8916721409,0.434790674355908,0.924476928072152,0.474797269670297,0.88009585784318
"block_eigen_ridge_lw_sensitivity","block_eigen_unfiltered","block_0032",1000,"same installed builder packed runtime cross-product","ridge_lw",0,1000,1000,1,3314.6171875,3743.9794921875,0,3497866.3815918,3497866.3815918,1,3497866.3815918,0,110628.275816857,0.470911969293881,0,0,1.1295360158955,3314.6171875,3743.9794921875,3497.8663815918,315.631958007812,1,6550.45088688906,198079.94414747,0.434790674355908,0.924476928072152,0.474797269670297,0.88009585784318
"block_eigen_ridge_lw_sensitivity","block_eigen_unfiltered","block_0033",1000,"same installed builder packed runtime cross-product","ridge_lw",0,1000,1000,1,3325.32446289062,3728.29370117188,0,3500299.22900391,3500299.22900391,1,3500299.22900391,0,110705.337162517,0.470922187984778,0,0,1.12118193059902,3325.32446289062,3728.29370117188,3500.29922900391,290.162017822266,1,7296.91005711495,114267.240651653,0.434790674355908,0.924476928072152,0.474797269670297,0.88009585784318
"block_eigen_ridge_lw_sensitivity","block_eigen_unfiltered","block_0034",1000,"same installed builder packed runtime cross-product","ridge_lw",0,1000,1000,1,3320.89513932207,3691.02652378068,0,3500290.79589844,3500290.79589844,1,3500290.79589844,0,110703.734360195,0.471400888201896,29.3295553347846,0.000495341657557782,1.11145530615404,3320.90014648438,3691.02124023438,3500.29079589844,287.880401462317,0.999504658399778,7277.32809285637,133203.691976689,0.434790674355908,0.924476928072152,0.474797269670297,0.88009585784318
"block_eigen_ridge_lw_sensitivity","block_eigen_unfiltered","block_0035",1000,"same installed builder packed runtime cross-product","ridge_lw",0,1000,1000,1,3342.83764648438,3675.52783203125,0,3500722.28881836,3500722.28881836,1,3500722.28881836,0,110717.414097917,0.470741519156845,0,0,1.09952328552263,3342.83764648438,3675.52783203125,3500.72228881836,276.145843505859,1,7572.03536593702,110017.367378809,0.434790674355908,0.924476928072152,0.474797269670297,0.88009585784318
"block_eigen_ridge_lw_sensitivity","block_eigen_unfiltered","block_0036",1000,"same installed builder packed runtime cross-product","ridge_lw",0,1000,1000,1,3306.16259765625,3701.86572265625,0,3501563.76464844,3501563.76464844,1,3501563.76464844,0,110745.491521063,0.470938867812919,0,0,1.11968652881153,3306.16259765625,3701.86572265625,3501.56376464844,309.634063720703,1,6974.63450211869,149952.267341056,0.434790674355908,0.924476928072152,0.474797269670297,0.88009585784318
"block_eigen_ridge_lw_sensitivity","block_eigen_unfiltered","block_0037",1000,"same installed builder packed runtime cross-product","ridge_lw",0,1000,1000,1,3328.93286132812,3678.41967773438,0,3498458.62158203,3498458.62158203,1,3498458.62158203,0,110647.385260327,0.471285686357339,0,0,1.10498463951202,3328.93286132812,3678.41967773438,3498.45862158203,283.002471923828,1,6951.65280447383,83637.9900511075,0.434790674355908,0.924476928072152,0.474797269670297,0.88009585784318
"block_eigen_ridge_lw_sensitivity","block_eigen_unfiltered","block_0038",991,"same installed builder packed runtime cross-product","ridge_lw",0,991,991,1,3314.48413085938,3705.40478515625,0,3462579.60864258,3462579.60864258,1,3462579.60864258,0,110007.802669553,0.469730944576995,0,0,1.11794313650719,3314.48413085938,3705.40478515625,3494.0258412135,301.824920654297,1,7992.9358838333,140786.125886765,0.434790674355908,0.924476928072152,0.474797269670297,0.88009585784318
"block_eigen_unfiltered","block_eigen_unfiltered","block_0001",1000,"same installed builder packed runtime cross-product","ridge_fixed",0,1000,1000,1,765.226063596805,8206.24614969187,0,3500081.97436523,3500081.97436523,1,3500081.97436523,0,125503.225401358,0,59134.6556651487,1,10.723950137192,3290.24438476562,3667.65991210938,3500.08197436523,0,0,0,0,0,1,0,1
"block_eigen_unfiltered","block_eigen_unfiltered","block_0002",1000,"same installed builder packed runtime cross-product","ridge_fixed",0,1000,1000,1,776.786964816997,8181.40044118923,0,3498567.57958984,3498567.57958984,1,3498567.57958984,0,125463.643401754,0,59140.7610529948,1,10.5323606236321,3327.65991210938,3715.50903320312,3498.56757958984,0,0,0,0,0,1,0,1
"block_eigen_unfiltered","block_eigen_unfiltered","block_0003",1000,"same installed builder packed runtime cross-product","ridge_fixed",0,1000,1000,1,742.034480996126,8246.01698125223,0,3499325.12158203,3499325.12158203,1,3499325.12158203,0,125436.340340681,0,59037.6072242914,1,11.112714021298,3318.51391601562,3696.83618164062,3499.32512158203,0,0,0,0,0,1,0,1
"block_eigen_unfiltered","block_eigen_unfiltered","block_0004",1000,"same installed builder packed runtime cross-product","ridge_fixed",0,1000,1000,1,766.806986145132,8145.24737862319,0,3501295.49511719,3501295.49511719,1,3501295.49511719,0,125567.619300962,0,59199.592906359,1,10.6222915620145,3264.77270507812,3675.95532226562,3501.29549511719,0,0,0,0,0,1,0,1
"block_eigen_unfiltered","block_eigen_unfiltered","block_0005",1000,"same installed builder packed runtime cross-product","ridge_fixed",0,1000,1000,1,762.390319714871,8158.478747971,0,3499000.95385742,3499000.95385742,1,3499000.95385742,0,125521.356507489,0,59236.9792335356,1,10.7011835499462,3301.91162109375,3676.73266601562,3499.00095385742,0,0,0,0,0,1,0,1
"block_eigen_unfiltered","block_eigen_unfiltered","block_0006",1000,"same installed builder packed runtime cross-product","ridge_fixed",0,1000,1000,1,768.91719023511,8160.34699253786,0,3496969.85473633,3496969.85473633,1,3496969.85473633,0,125427.980428316,0,59161.0603242547,1,10.6127774176081,3292.15087890625,3695.4619140625,3496.96985473633,0,0,0,0,0,1,0,1
"block_eigen_unfiltered","block_eigen_unfiltered","block_0007",1000,"same installed builder packed runtime cross-product","ridge_fixed",0,1000,1000,1,762.410944690155,8249.4001286489,0,3499072.15332031,3499072.15332031,1,3499072.15332031,0,125555.864407389,0,59304.907553876,1,10.8201491414862,3320.3896484375,3709.44213867188,3499.07215332031,0,0,0,0,0,1,0,1
"block_eigen_unfiltered","block_eigen_unfiltered","block_0008",1000,"same installed builder packed runtime cross-product","ridge_fixed",0,1000,1000,1,786.86872577947,8133.21929566643,0,3499683.99633789,3499683.99633789,1,3499683.99633789,0,125504.273538521,0,59160.0765718646,1,10.3361831894001,3317.22338867188,3734.97778320312,3499.68399633789,0,0,0,0,0,1,0,1
"block_eigen_unfiltered","block_eigen_unfiltered","block_0009",1000,"same installed builder packed runtime cross-product","ridge_fixed",0,1000,1000,1,760.024164567677,8227.13400080162,0,3498980.36401367,3498980.36401367,1,3498980.36401367,0,125483.770267979,0,59160.850088775,1,10.8248321360696,3302.4375,3678.42211914062,3498.98036401367,0,0,0,0,0,1,0,1
"block_eigen_unfiltered","block_eigen_unfiltered","block_0010",1000,"same installed builder packed runtime cross-product","ridge_fixed",0,1000,1000,1,769.844126287277,8182.83487678179,0,3500024.3269043,3500024.3269043,1,3500024.3269043,0,125471.857242335,0,59072.2340032393,1,10.6292099885792,3295.0703125,3695.13696289062,3500.0243269043,0,0,0,0,0,1,0,1
"block_eigen_unfiltered","block_eigen_unfiltered","block_0011",1000,"same installed builder packed runtime cross-product","ridge_fixed",0,1000,1000,1,766.783281510248,8150.25316085315,0,3502490.41625977,3502490.41625977,1,3502490.41625977,0,125554.892354304,0,59101.7706400997,1,10.6291482318192,3313.55688476562,3684.27978515625,3502.49041625977,0,0,0,0,0,1,0,1
"block_eigen_unfiltered","block_eigen_unfiltered","block_0012",1000,"same installed builder packed runtime cross-product","ridge_fixed",0,1000,1000,1,756.547824262422,8232.59305983994,0,3500587.24169922,3500587.24169922,1,3500587.24169922,0,125542.982646216,0,59190.991193797,1,10.8817880321923,3293.70947265625,3693.17724609375,3500.58724169922,0,0,0,0,0,1,0,1
"block_eigen_unfiltered","block_eigen_unfiltered","block_0013",1000,"same installed builder packed runtime cross-product","ridge_fixed",0,1000,1000,1,770.287022388789,8170.07846960362,0,3499547.4206543,3499547.4206543,1,3499547.4206543,0,125450.942078637,0,59055.3513702247,1,10.606537864635,3320.86962890625,3706.27075195312,3499.5474206543,0,0,0,0,0,1,0,1
"block_eigen_unfiltered","block_eigen_unfiltered","block_0014",1000,"same installed builder packed runtime cross-product","ridge_fixed",0,1000,1000,1,758.238078294586,8170.145788774,0,3501399.51513672,3501399.51513672,1,3501399.51513672,0,125529.139249731,0,59112.3393365805,1,10.7751721031343,3311.259765625,3683.75805664062,3501.39951513672,0,0,0,0,0,1,0,1
"block_eigen_unfiltered","block_eigen_unfiltered","block_0015",1000,"same installed builder packed runtime cross-product","ridge_fixed",0,1000,1000,1,767.614946023463,8202.5742355206,0,3498921.69995117,3498921.69995117,1,3498921.69995117,0,125519.265997898,0,59238.3710102567,1,10.6857927636936,3316.162109375,3688.896484375,3498.92169995117,0,0,0,0,0,1,0,1
"block_eigen_unfiltered","block_eigen_unfiltered","block_0016",1000,"same installed builder packed runtime cross-product","ridge_fixed",0,1000,1000,1,743.926495123871,8240.82133648887,0,3497626.16796875,3497626.16796875,1,3497626.16796875,0,125482.725628399,0,59238.758095385,1,11.0774671832554,3356.23461914062,3668.90454101562,3497.62616796875,0,0,0,0,0,1,0,1
"block_eigen_unfiltered","block_eigen_unfiltered","block_0017",1000,"same installed builder packed runtime cross-product","ridge_fixed",0,1000,1000,1,776.677076949364,8192.93671990143,0,3498583.08422852,3498583.08422852,1,3498583.08422852,0,125423.982903772,0,59057.313349515,1,10.5487041694106,3323.73168945312,3680.38012695312,3498.58308422852,0,0,0,0,0,1,0,1
"block_eigen_unfiltered","block_eigen_unfiltered","block_0018",1000,"same installed builder packed runtime cross-product","ridge_fixed",0,1000,1000,1,773.809791139492,8122.85574591529,0,3497594.00244141,3497594.00244141,1,3497594.00244141,0,125399.667565223,0,59063.7667858404,1,10.4972253374486,3287.82885742188,3664.04052734375,3497.59400244141,0,0,0,0,0,1,0,1
"block_eigen_unfiltered","block_eigen_unfiltered","block_0019",1000,"same installed builder packed runtime cross-product","ridge_fixed",0,1000,1000,1,749.685780735768,8172.87944821107,0,3502122.82543945,3502122.82543945,1,3502122.82543945,0,125622.100435218,0,59266.341645262,1,10.9017399799019,3307.80737304688,3705.62866210938,3502.12282543945,0,0,0,0,0,1,0,1
"block_eigen_unfiltered","block_eigen_unfiltered","block_0020",1000,"same installed builder packed runtime cross-product","ridge_fixed",0,1000,1000,1,770.331977239205,8160.32900349154,0,3499176.37280273,3499176.37280273,1,3499176.37280273,0,125463.096620943,0,59102.0470085189,1,10.5932627030976,3308.55834960938,3675.93237304688,3499.17637280273,0,0,0,0,0,1,0,1
"block_eigen_unfiltered","block_eigen_unfiltered","block_0021",1000,"same installed builder packed runtime cross-product","ridge_fixed",0,1000,1000,1,757.378841947718,8163.46050245854,0,3497287.63305664,3497287.63305664,1,3497287.63305664,0,125434.336969422,0,59153.8992482298,1,10.7785695220439,3313.93212890625,3691.751953125,3497.28763305664,0,0,0,0,0,1,0,1
"block_eigen_unfiltered","block_eigen_unfiltered","block_0022",1000,"same installed builder packed runtime cross-product","ridge_fixed",0,1000,1000,1,759.152738076745,8187.37308769048,0,3498731.87182617,3498731.87182617,1,3498731.87182617,0,125432.373684441,0,59064.85741361,1,10.7848825105111,3301.3984375,3671.85595703125,3498.73187182617,0,0,0,0,0,1,0,1
"block_eigen_unfiltered","block_eigen_unfiltered","block_0023",1000,"same installed builder packed runtime cross-product","ridge_fixed",0,1000,1000,1,764.932260388368,8181.89737025554,0,3498299.47607422,3498299.47607422,1,3498299.47607422,0,125462.960861848,0,59156.8807927495,1,10.6962378160145,3285.50048828125,3673.9794921875,3498.29947607422,0,0,0,0,0,1,0,1
"block_eigen_unfiltered","block_eigen_unfiltered","block_0024",1000,"same installed builder packed runtime cross-product","ridge_fixed",0,1000,1000,1,774.020311406885,8196.18336680131,0,3498939.31689453,3498939.31689453,1,3498939.31689453,0,125470.91476026,0,59134.2064698849,1,10.589106314153,3338.44873046875,3676.57568359375,3498.93931689453,0,0,0,0,0,1,0,1
"block_eigen_unfiltered","block_eigen_unfiltered","block_0025",1000,"same installed builder packed runtime cross-product","ridge_fixed",0,1000,1000,1,771.051077405661,8280.38359061749,0,3497556.49658203,3497556.49658203,1,3497556.49658203,0,125363.223413091,0,58988.9172020208,1,10.7390856886918,3302.16357421875,3681.98461914062,3497.55649658203,0,0,0,0,0,1,0,1
"block_eigen_unfiltered","block_eigen_unfiltered","block_0026",1000,"same installed builder packed runtime cross-product","ridge_fixed",0,1000,1000,1,779.774629870769,8257.29731805977,0,3502452.80151367,3502452.80151367,1,3502452.80151367,0,125582.795138894,0,59163.8860023452,1,10.5893382546034,3310.19360351562,3677.486328125,3502.45280151367,0,0,0,0,0,1,0,1
"block_eigen_unfiltered","block_eigen_unfiltered","block_0027",1000,"same installed builder packed runtime cross-product","ridge_fixed",0,1000,1000,1,757.283861013063,8268.28308549379,0,3498863.46972656,3498863.46972656,1,3498863.46972656,0,125532.968860744,0,59272.3642010317,1,10.9183405472722,3292.34790039062,3689.1611328125,3498.86346972656,0,0,0,0,0,1,0,1
"block_eigen_unfiltered","block_eigen_unfiltered","block_0028",1000,"same installed builder packed runtime cross-product","ridge_fixed",0,1000,1000,1,752.75560753497,8233.12565869004,0,3500615.94726562,3500615.94726562,1,3500615.94726562,0,125461.632548996,0,59016.1827648205,1,10.9373156125012,3329.32299804688,3716.0751953125,3500.61594726562,0,0,0,0,0,1,0,1
"block_eigen_unfiltered","block_eigen_unfiltered","block_0029",1000,"same installed builder packed runtime cross-product","ridge_fixed",0,1000,1000,1,757.729801391524,8212.70008311623,0,3502173.18212891,3502173.18212891,1,3502173.18212891,0,125566.50446306,0,59145.0857761487,1,10.8385602203241,3280.62377929688,3758.52001953125,3502.17318212891,0,0,0,0,0,1,0,1
"block_eigen_unfiltered","block_eigen_unfiltered","block_0030",1000,"same installed builder packed runtime cross-product","ridge_fixed",0,1000,1000,1,767.741616006186,8175.20349861366,0,3500402.65136719,3500402.65136719,1,3500402.65136719,0,125496.060156796,0,59100.8566729829,1,10.6483787359884,3335.59228515625,3668.60498046875,3500.40265136719,0,0,0,0,0,1,0,1
"block_eigen_unfiltered","block_eigen_unfiltered","block_0031",1000,"same installed builder packed runtime cross-product","ridge_fixed",0,1000,1000,1,770.929641917382,8160.57950245402,0,3502977.47509766,3502977.47509766,1,3502977.47509766,0,125610.399255715,0,59190.3642557322,1,10.5853751869727,3292.4521484375,3661.015625,3502.97747509766,0,0,0,0,0,1,0,1
"block_eigen_unfiltered","block_eigen_unfiltered","block_0032",1000,"same installed builder packed runtime cross-product","ridge_fixed",0,1000,1000,1,754.49153474739,8146.87017219916,0,3497866.3815918,3497866.3815918,1,3497866.3815918,0,125403.262248225,0,59053.8971811885,1,10.7978284672562,3314.6171875,3743.9794921875,3497.8663815918,0,0,0,0,0,1,0,1
"block_eigen_unfiltered","block_eigen_unfiltered","block_0033",1000,"same installed builder packed runtime cross-product","ridge_fixed",0,1000,1000,1,770.24729098354,8176.74878657569,0,3500299.22900391,3500299.22900391,1,3500299.22900391,0,125491.391502586,0,59096.6806596524,1,10.6157449461908,3325.32446289062,3728.29370117188,3500.29922900391,0,0,0,0,0,1,0,1
"block_eigen_unfiltered","block_eigen_unfiltered","block_0034",1000,"same installed builder packed runtime cross-product","ridge_fixed",0,1000,1000,1,763.804950312235,8249.87430221427,0,3500290.79589844,3500290.79589844,1,3500290.79589844,0,125543.736924389,0,59210.7586496767,1,10.8010223013635,3320.90014648438,3691.02124023438,3500.29079589844,0,0,0,0,0,1,0,1
"block_eigen_unfiltered","block_eigen_unfiltered","block_0035",1000,"same installed builder packed runtime cross-product","ridge_fixed",0,1000,1000,1,759.165461951775,8189.10875955158,0,3500722.28881836,3500722.28881836,1,3500722.28881836,0,125491.365383295,0,59073.9959815988,1,10.7869880414446,3342.83764648438,3675.52783203125,3500.72228881836,0,0,0,0,0,1,0,1
"block_eigen_unfiltered","block_eigen_unfiltered","block_0036",1000,"same installed builder packed runtime cross-product","ridge_fixed",0,1000,1000,1,766.208830439954,8147.08257647426,0,3501563.76464844,3501563.76464844,1,3501563.76464844,0,125538.176086093,0,59120.8065132835,1,10.6329792255151,3306.16259765625,3701.86572265625,3501.56376464844,0,0,0,0,0,1,0,1
"block_eigen_unfiltered","block_eigen_unfiltered","block_0037",1000,"same installed builder packed runtime cross-product","ridge_fixed",0,1000,1000,1,769.318237370776,8198.56207657197,0,3498458.62158203,3498458.62158203,1,3498458.62158203,0,125453.307726285,0,59124.3482375808,1,10.656918916405,3328.93286132812,3678.41967773438,3498.45862158203,0,0,0,0,0,1,0,1
"block_eigen_unfiltered","block_eigen_unfiltered","block_0038",991,"same installed builder packed runtime cross-product","ridge_fixed",0,991,991,1,777.170836895362,8180.47270104038,0,3462579.60864258,3462579.60864258,1,3462579.60864258,0,124611.013689693,0,58533.6491651565,1,10.5259645790618,3314.48413085938,3705.40478515625,3494.0258412135,0,0,0,0,0,1,0,1
