"architecture","replicate","configuration","method","vgs_posterior_mean","ves_posterior_mean","vbs_posterior_mean","pis_posterior_mean","vld_posterior_mean","vle_posterior_mean","benchmark_heritability","package_reported_heritability","marker_effect_variance","operator_diagonal_minimum","operator_diagonal_mean","log_cpo","mean_log_cpo"
"sparse_mixture",1,"bed","bayesr",0.385713078833865,1.01070605246533,0.00358183239913212,,-0.00363393603995998,0.389347014873825,0.276215836770301,,7.29261246167339e-06,,,,
"sparse_mixture",1,"block_csr","sbayesr",0.526937838191673,0.869511540173445,0.00440298582766213,0.00996390605019532,-0.00081175422299536,0.527749592414668,0.377341167073726,,8.2098785330685e-06,,,,
"sparse_mixture",1,"block_eigen_hard","sbayesr",0.527045875508456,0.869333795681892,0.0044746470346668,0.00995986544262128,-0.000800194568899124,0.527846070077355,0.377437373503994,,8.22176655623124e-06,,,,
"sparse_mixture",1,"block_eigen_ridge_fixed","sbayesr",0.527541354430802,0.868437591205304,0.0044417066309564,0.00996280604373315,-0.000784617885094203,0.528325972315896,0.377900652499037,,8.21928694649499e-06,,,,
"sparse_mixture",1,"block_eigen_unfiltered","sbayesr",0.528762137910115,0.869154183103506,0.00452267083840428,0.00996129003804232,-0.000836806982174492,0.52959894489229,0.378250207084436,,8.23122713578442e-06,,,,
"sparse_mixture",1,"full_csr","sbayesr",0.52638843417032,0.870996033582553,0.00444816995540399,0.00996660234325824,-0.00014924936999735,0.526537683540317,0.3766954952754,,8.19821230422217e-06,,,,
"sparse_mixture",2,"bed","bayesr",0.420475318805865,0.978899599131448,0.0037911820756863,,0.00184443031570759,0.418630888490158,0.300473671077118,,8.32287004696165e-06,,,,
"sparse_mixture",2,"block_csr","sbayesr",0.582358328271136,0.820296744455678,0.0049667487021815,0.00995252361308487,-0.000470175140652566,0.582828503411789,0.415182848295704,,9.65005958209291e-06,,,,
"sparse_mixture",2,"block_eigen_hard","sbayesr",0.581546251526904,0.819879795440309,0.00496549873466901,0.00995112976034228,-0.00048642385117638,0.582032675378081,0.414967491709899,,9.64711109654469e-06,,,,
"sparse_mixture",2,"block_eigen_ridge_fixed","sbayesr",0.581345680575159,0.819549122305907,0.00493550923083431,0.00995258485000286,-0.000480407698317177,0.581826088273476,0.414981681265124,,9.63513106003849e-06,,,,
"sparse_mixture",2,"block_eigen_unfiltered","sbayesr",0.581638185496557,0.819793931778163,0.00497143046619303,0.00995507552660446,-0.00047389732368988,0.582112082820247,0.415031294293179,,9.6458721337782e-06,,,,
"sparse_mixture",2,"full_csr","sbayesr",0.583119952299103,0.817605346924517,0.00494659147022652,0.00995400578733772,-8.60252945580046e-05,0.583205977593661,0.416298579473298,,9.6479741158651e-06,,,,
"sparse_mixture",3,"bed","bayesr",0.4474339923155,0.956875757384985,0.00401636358338925,,0.00956009437195247,0.437873897943547,0.318614887072407,,8.7473677182694e-06,,,,
"sparse_mixture",3,"block_csr","sbayesr",0.629011497429298,0.776815544013333,0.00536922297905909,0.00994791864307855,0.00214534219786612,0.626866155231432,0.447431639089699,,1.05085045544841e-05,,,,
"sparse_mixture",3,"block_eigen_hard","sbayesr",0.62922113135852,0.775275285409419,0.00534706435683375,0.00995408669840745,0.00209406029922443,0.627127071059296,0.448004796485347,,1.04985479529961e-05,,,,
"sparse_mixture",3,"block_eigen_ridge_fixed","sbayesr",0.62874046013077,0.775708327258749,0.00535804128936605,0.00995262988714466,0.00212083733916798,0.626619622791602,0.447677740745125,,1.04949527882589e-05,,,,
"sparse_mixture",3,"block_eigen_unfiltered","sbayesr",0.629336140875187,0.776322454214479,0.00539744822253117,0.00994942817985634,0.00210267636648177,0.627233464508705,0.44771621151368,,1.0519142295932e-05,,,,
"sparse_mixture",3,"full_csr","sbayesr",0.637745720894602,0.766913490740592,0.00542935382917657,0.00995358569403234,-6.05693940597923e-05,0.637806290288662,0.454021669891153,,1.07067077942742e-05,,,,
"sparse_mixture",4,"bed","bayesr",0.442447339314401,0.989383529684578,0.00391217224759806,,0.00930275759901221,0.433144581715389,0.309008102069852,,8.48939207413983e-06,,,,
"sparse_mixture",4,"block_csr","sbayesr",0.62085492660119,0.812188988645619,0.00525831958265945,0.00995333852437163,0.000268964859637891,0.620585961741552,0.433242080019761,,1.02652148625857e-05,,,,
"sparse_mixture",4,"block_eigen_hard","sbayesr",0.621220802572713,0.812479323164785,0.00524431372970474,0.00995966285706391,0.000285716209680233,0.620935086363033,0.433298980324184,,1.0258046826559e-05,,,,
"sparse_mixture",4,"block_eigen_ridge_fixed","sbayesr",0.621417863591307,0.812315176773671,0.00526459938577012,0.00995459315829684,0.000293408302210794,0.621124455289096,0.433426479055763,,1.02615274225337e-05,,,,
"sparse_mixture",4,"block_eigen_unfiltered","sbayesr",0.620351438156341,0.812946227578175,0.00526624821844278,0.00995288984336297,0.000292501495282946,0.620058936661058,0.43281409925302,,1.0277205851889e-05,,,,
"sparse_mixture",4,"full_csr","sbayesr",0.626355497295368,0.807026881119498,0.00529793410090407,0.00995696932818223,-0.00045495785430267,0.62681045514967,0.436977255146694,,1.03382316171751e-05,,,,
"sparse_mixture",5,"bed","bayesr",0.408666047392702,0.99641072558616,0.00363634386639173,,-0.0072729844131856,0.415939031805888,0.290849621352932,,7.9688796265449e-06,,,,
"sparse_mixture",5,"block_csr","sbayesr",0.550869693285194,0.856064818042135,0.00448343471746014,0.00996090746121728,0.00156312893392177,0.549306564351272,0.391538972745429,,8.77642666560524e-06,,,,
"sparse_mixture",5,"block_eigen_hard","sbayesr",0.550611953855075,0.856426054105843,0.00446773062749096,0.00996078406135733,0.00153122004448637,0.549080733810589,0.391326993826573,,8.74499016034072e-06,,,,
"sparse_mixture",5,"block_eigen_ridge_fixed","sbayesr",0.550177659179277,0.856289473450256,0.00443095379714775,0.00995834447213899,0.00159057231752058,0.548587086861757,0.391177046669171,,8.76312742670503e-06,,,,
"sparse_mixture",5,"block_eigen_unfiltered","sbayesr",0.550880164459259,0.856867859774288,0.004506446523209,0.00995696513676688,0.00155189014849169,0.549328274310767,0.391320147481072,,8.76763005040522e-06,,,,
"sparse_mixture",5,"full_csr","sbayesr",0.558577098238193,0.848560177167769,0.00454488489510423,0.00996140897235536,0.000357293912272683,0.55821980432592,0.396959918553108,,8.90917490783894e-06,,,,
