"path","role","git_blob_sha","md5","source_commit","source_url"
"studies/02_prediction/config.R","study configuration","e9c4637cba782a93562ce56dd85d25b21d6ed20f","3f4bd6771e723749f4e3c7b1c0960d0c","ea978c67d207297dc5bbbc3bb46ad6d9c5c2b5bb","https://github.com/psoerensen/sblrbench/blob/ea978c67d207297dc5bbbc3bb46ad6d9c5c2b5bb/studies/02_prediction/config.R"
"studies/02_prediction/pilot.R","study helpers","3ad216b7e4ece6b81a2a0621b303946370d2f012","11fd99cce3027266e70a4f67ce2b78d0","ea978c67d207297dc5bbbc3bb46ad6d9c5c2b5bb","https://github.com/psoerensen/sblrbench/blob/ea978c67d207297dc5bbbc3bb46ad6d9c5c2b5bb/studies/02_prediction/pilot.R"
"studies/02_prediction/targets.R","targets pipeline","9fe8346f966b46964f72d5c0be2afe3d0bd20e0d","bbb3b76659ac93d924fe6df2070f4345","ea978c67d207297dc5bbbc3bb46ad6d9c5c2b5bb","https://github.com/psoerensen/sblrbench/blob/ea978c67d207297dc5bbbc3bb46ad6d9c5c2b5bb/studies/02_prediction/targets.R"
"studies/02_prediction/promotion.R","promotion validation","9602ea717685361cfc4346b78628a7128ad2c496","8f3f7cee8aadab10eb1ae1c2d48b0c37","ea978c67d207297dc5bbbc3bb46ad6d9c5c2b5bb","https://github.com/psoerensen/sblrbench/blob/ea978c67d207297dc5bbbc3bb46ad6d9c5c2b5bb/studies/02_prediction/promotion.R"
"R/prediction.R","prediction contracts","3097992ff8d34eacb64c560d86f8afedf945d6c8","f92cde4398aaec09b67c148b8b91e7b8","ea978c67d207297dc5bbbc3bb46ad6d9c5c2b5bb","https://github.com/psoerensen/sblrbench/blob/ea978c67d207297dc5bbbc3bb46ad6d9c5c2b5bb/R/prediction.R"
"scripts/worked_prediction_example.R","worked example","701fec2f56f78bf726a9701ab56a9d19049ead64","d1245c6664e8d054858f0bdb0af318db","ea978c67d207297dc5bbbc3bb46ad6d9c5c2b5bb","https://github.com/psoerensen/sblrbench/blob/ea978c67d207297dc5bbbc3bb46ad6d9c5c2b5bb/scripts/worked_prediction_example.R"
"scripts/prediction_contract_smoke_test.R","developer smoke test","97dbfa241076231412c77203914540e0a7c90af6","2f773b17ae87d01ee8a0d46ad61dd56d","ea978c67d207297dc5bbbc3bb46ad6d9c5c2b5bb","https://github.com/psoerensen/sblrbench/blob/ea978c67d207297dc5bbbc3bb46ad6d9c5c2b5bb/scripts/prediction_contract_smoke_test.R"
"scripts/run_prediction_benchmark.R","benchmark entry point","25841b6f8428fd65ad099767f137541aa6b02648","5f5c235eb12d6cce5f7a2db13626ddcc","ea978c67d207297dc5bbbc3bb46ad6d9c5c2b5bb","https://github.com/psoerensen/sblrbench/blob/ea978c67d207297dc5bbbc3bb46ad6d9c5c2b5bb/scripts/run_prediction_benchmark.R"
"scripts/promote_prediction_results.R","promotion entry point","b5b8be58a8936720eea96d413d68660f4a8b1b67","b47882d19fdd64633319e3dd6b35a78a","ea978c67d207297dc5bbbc3bb46ad6d9c5c2b5bb","https://github.com/psoerensen/sblrbench/blob/ea978c67d207297dc5bbbc3bb46ad6d9c5c2b5bb/scripts/promote_prediction_results.R"
