"item","value"
"starting_head","39c8596ddd810d6fee43bd7f7906d20cbbe52440"
"sblrbench_version","0.0.0.9000"
"sblr_version","0.2.0"
"sblr_sha","02e8c74baa906e83c4a08d42a9cc6339b4e81072"
"qgdata_sha","6cca5819e711d326cfb2614d7e9d9f34942612cd"
"R","R version 4.4.1 (2024-06-14 ucrt)"
"simulation_hash","e066cf7a6c03e1b46eba19313ab71e4722a8fc1957b9a4a3ede000e204c80c39"
"marker_hash","41f813180e113ee0f4852df9e66734c3640cf92e9f10aa7011d9e59bc995f571"
"sample_hash","a26ea85a7e25d7168d9757f0a2bd3cbe155c1d921743d0588e674b1f629aeef7"
