"architecture","replicate","method","burnin_candidate","retained_draw_candidate","estimand","rhat","ess_bulk","ess_tail","mcse_mean","posterior_sd","relative_mcse","chain_count","draws_per_chain","total_draws","rhat_pass","ess_bulk_pass","ess_tail_pass","relative_mcse_pass","chain_count_pass","finite_pass","overall_pass","status","reason"
"sparse_homogeneous",1,"st_bed_bayesc",250,250,"effect_variance",1.00135972058498,801.418968578185,912.048653694719,0.000133184327771933,0.00376401272438499,0.0353836018962169,4,250,1000,TRUE,TRUE,TRUE,TRUE,TRUE,TRUE,TRUE,"pass",""
"sparse_homogeneous",1,"st_bed_bayesc",250,250,"genetic_variance",0.999550053887292,1145.22960961058,845.819861234185,0.000650153585672815,0.0219989394435049,0.0295538604187016,4,250,1000,TRUE,TRUE,TRUE,TRUE,TRUE,TRUE,TRUE,"pass",""
"sparse_homogeneous",1,"st_bed_bayesc",250,250,"residual_variance",1.00649278331029,901.639123542653,947.179532099445,0.00074873459226076,0.0224419395855776,0.0333631854504205,4,250,1000,TRUE,TRUE,TRUE,TRUE,TRUE,TRUE,TRUE,"pass",""
"sparse_homogeneous",1,"st_bed_bayesc",250,250,"heritability",0.999755399092801,1127.18132732787,881.249019671064,0.000371380851503994,0.0124867642079517,0.0297419607929727,4,250,1000,TRUE,TRUE,TRUE,TRUE,TRUE,TRUE,TRUE,"pass",""
"sparse_homogeneous",1,"st_bed_bayesc",250,500,"effect_variance",1.00404855847589,1637.56804655106,1767.70208367751,9.04758261123324e-05,0.00365418459801301,0.0247595116463271,4,500,2000,TRUE,TRUE,TRUE,TRUE,TRUE,TRUE,TRUE,"pass",""
"sparse_homogeneous",1,"st_bed_bayesc",250,500,"genetic_variance",0.999034337551225,2247.36191296165,1974.59245105919,0.000472755202184039,0.0223882702803976,0.0211162004149096,4,500,2000,TRUE,TRUE,TRUE,TRUE,TRUE,TRUE,TRUE,"pass",""
"sparse_homogeneous",1,"st_bed_bayesc",250,500,"residual_variance",1.00311867690853,1831.46475865589,1854.01614149653,0.000520189432733981,0.0222304039369442,0.0233999091608718,4,500,2000,TRUE,TRUE,TRUE,TRUE,TRUE,TRUE,TRUE,"pass",""
"sparse_homogeneous",1,"st_bed_bayesc",250,500,"heritability",1.00035766297152,2192.97311467254,1952.50611594481,0.000271806996434325,0.0127275936126975,0.0213557255758983,4,500,2000,TRUE,TRUE,TRUE,TRUE,TRUE,TRUE,TRUE,"pass",""
"sparse_homogeneous",1,"st_bed_bayesc",250,1000,"effect_variance",1.00058724765258,3357.09850704268,3664.23831215658,6.15255228761889e-05,0.0035527169888015,0.0173178789839222,4,1000,4000,TRUE,TRUE,TRUE,TRUE,TRUE,TRUE,TRUE,"pass",""
"sparse_homogeneous",1,"st_bed_bayesc",250,1000,"genetic_variance",0.999512422094058,4364.62886701701,3794.81208078957,0.000343855487170511,0.0226937920155486,0.015151962569099,4,1000,4000,TRUE,TRUE,TRUE,TRUE,TRUE,TRUE,TRUE,"pass",""
"sparse_homogeneous",1,"st_bed_bayesc",250,1000,"residual_variance",1.00163028984125,3545.38551594053,3808.62388665363,0.000373321278956646,0.0221495603552057,0.0168545683512362,4,1000,4000,TRUE,TRUE,TRUE,TRUE,TRUE,TRUE,TRUE,"pass",""
"sparse_homogeneous",1,"st_bed_bayesc",250,1000,"heritability",1.00015777334791,4443.0128238437,4015.90046165331,0.000192602222921444,0.0128404100812846,0.0149996940675726,4,1000,4000,TRUE,TRUE,TRUE,TRUE,TRUE,TRUE,TRUE,"pass",""
"sparse_homogeneous",1,"st_bed_bayesc",250,2000,"effect_variance",1.00058170502408,6644.03946233564,7463.85272465386,4.38654612642417e-05,0.00358685709158581,0.0122294978986319,4,2000,8000,TRUE,TRUE,TRUE,TRUE,TRUE,TRUE,TRUE,"pass",""
"sparse_homogeneous",1,"st_bed_bayesc",250,2000,"genetic_variance",1.00016297397825,8331.62343337295,7903.18037881571,0.00024440563013351,0.0223078796230893,0.0109560224576675,4,2000,8000,TRUE,TRUE,TRUE,TRUE,TRUE,TRUE,TRUE,"pass",""
"sparse_homogeneous",1,"st_bed_bayesc",250,2000,"residual_variance",1.00072464619231,6957.64208426717,7497.75774084463,0.00026888713034702,0.0223915611059231,0.0120084137535142,4,2000,8000,TRUE,TRUE,TRUE,TRUE,TRUE,TRUE,TRUE,"pass",""
"sparse_homogeneous",1,"st_bed_bayesc",250,2000,"heritability",1.00003741131707,8175.32261141648,7890.00895613062,0.000140104497179756,0.012678834452055,0.0110502663087495,4,2000,8000,TRUE,TRUE,TRUE,TRUE,TRUE,TRUE,TRUE,"pass",""
"sparse_homogeneous",1,"st_bed_bayesc",500,250,"effect_variance",1.00167351456639,899.055310033719,873.348161530466,0.00011931228330793,0.0035278514372675,0.0338200985584426,4,250,1000,TRUE,TRUE,TRUE,TRUE,TRUE,TRUE,TRUE,"pass",""
"sparse_homogeneous",1,"st_bed_bayesc",500,250,"genetic_variance",0.998222736541249,1117.23191355474,954.074127415025,0.000681896722060337,0.0227773935445168,0.0299374342690974,4,250,1000,TRUE,TRUE,TRUE,TRUE,TRUE,TRUE,TRUE,"pass",""
"sparse_homogeneous",1,"st_bed_bayesc",500,250,"residual_variance",1.0027889110071,925.927877588514,848.49770467012,0.000719095673478554,0.021981557642744,0.0327135904181896,4,250,1000,TRUE,TRUE,TRUE,TRUE,TRUE,TRUE,TRUE,"pass",""
"sparse_homogeneous",1,"st_bed_bayesc",500,250,"heritability",1.0007258829837,1081.57037343607,953.21187716522,0.000394473798500714,0.0129701630148934,0.0304139429895944,4,250,1000,TRUE,TRUE,TRUE,TRUE,TRUE,TRUE,TRUE,"pass",""
"sparse_homogeneous",1,"st_bed_bayesc",500,500,"effect_variance",1.00262560710275,1868.54450234476,2018.22109820645,8.13333181908986e-05,0.00349231224864219,0.023289245749008,4,500,2000,TRUE,TRUE,TRUE,TRUE,TRUE,TRUE,TRUE,"pass",""
"sparse_homogeneous",1,"st_bed_bayesc",500,500,"genetic_variance",1.00058706349073,2068.67796705757,1955.34983476437,0.000500554701714562,0.0228413012335551,0.0219144564749761,4,500,2000,TRUE,TRUE,TRUE,TRUE,TRUE,TRUE,TRUE,"pass",""
"sparse_homogeneous",1,"st_bed_bayesc",500,500,"residual_variance",1.00078140356972,1717.45174863229,1932.1472658651,0.000534583550479269,0.0221277587999505,0.0241589559662258,4,500,2000,TRUE,TRUE,TRUE,TRUE,TRUE,TRUE,TRUE,"pass",""
"sparse_homogeneous",1,"st_bed_bayesc",500,500,"heritability",1.00145636815454,2127.39287066611,2059.7177428817,0.000280784316533894,0.0129258907635742,0.021722627992893,4,500,2000,TRUE,TRUE,TRUE,TRUE,TRUE,TRUE,TRUE,"pass",""
"sparse_homogeneous",1,"st_bed_bayesc",500,1000,"effect_variance",1.00092098521396,3380.28334324871,3707.31927705336,6.05845231264075e-05,0.00352725480070508,0.0171761118914055,4,1000,4000,TRUE,TRUE,TRUE,TRUE,TRUE,TRUE,TRUE,"pass",""
"sparse_homogeneous",1,"st_bed_bayesc",500,1000,"genetic_variance",0.999726598103589,4106.36888387634,3872.99295354984,0.000354711193577859,0.022711389538678,0.0156182074625499,4,1000,4000,TRUE,TRUE,TRUE,TRUE,TRUE,TRUE,TRUE,"pass",""
"sparse_homogeneous",1,"st_bed_bayesc",500,1000,"residual_variance",1.00036439533431,3470.57905418356,3667.01519922764,0.000380498865264192,0.022374637877514,0.0170058111039457,4,1000,4000,TRUE,TRUE,TRUE,TRUE,TRUE,TRUE,TRUE,"pass",""
"sparse_homogeneous",1,"st_bed_bayesc",500,1000,"heritability",1.00005734259192,4120.99803852025,4100.77172656505,0.000199864026616932,0.0128266462503274,0.0155819395589732,4,1000,4000,TRUE,TRUE,TRUE,TRUE,TRUE,TRUE,TRUE,"pass",""
"sparse_homogeneous",1,"st_bed_bayesc",500,2000,"effect_variance",1.00004252592487,6769.22847581792,7582.79534937996,4.33721526962979e-05,0.0035808089864354,0.0121123893680444,4,2000,8000,TRUE,TRUE,TRUE,TRUE,TRUE,TRUE,TRUE,"pass",""
"sparse_homogeneous",1,"st_bed_bayesc",500,2000,"genetic_variance",1.0000799867951,8023.77138269845,8142.55071576917,0.00024935103335016,0.0223161504616803,0.0111735683884337,4,2000,8000,TRUE,TRUE,TRUE,TRUE,TRUE,TRUE,TRUE,"pass",""
"sparse_homogeneous",1,"st_bed_bayesc",500,2000,"residual_variance",1.00024113569942,7080.39572663163,7574.99604089634,0.00026679237486912,0.0224161415388907,0.0119017973903426,4,2000,8000,TRUE,TRUE,TRUE,TRUE,TRUE,TRUE,TRUE,"pass",""
"sparse_homogeneous",1,"st_bed_bayesc",500,2000,"heritability",1.00001785142701,7843.30225390892,7973.68670269834,0.000143252937524974,0.0126850947813725,0.0112930127834232,4,2000,8000,TRUE,TRUE,TRUE,TRUE,TRUE,TRUE,TRUE,"pass",""
"sparse_homogeneous",1,"st_bed_bayesc",1000,250,"effect_variance",1.00410450146083,803.15289798874,943.492720506963,0.000121276632865665,0.00344607516498879,0.0351926835774807,4,250,1000,TRUE,TRUE,TRUE,TRUE,TRUE,TRUE,TRUE,"pass",""
"sparse_homogeneous",1,"st_bed_bayesc",1000,250,"genetic_variance",0.999012845752287,1140.49152797869,915.999462488227,0.000687580369786684,0.023099191416038,0.0297664259065488,4,250,1000,TRUE,TRUE,TRUE,TRUE,TRUE,TRUE,TRUE,"pass",""
"sparse_homogeneous",1,"st_bed_bayesc",1000,250,"residual_variance",1.00193959485186,887.203636899648,911.730195737362,0.000731401086217566,0.0218955573907718,0.0334040861880879,4,250,1000,TRUE,TRUE,TRUE,TRUE,TRUE,TRUE,TRUE,"pass",""
"sparse_homogeneous",1,"st_bed_bayesc",1000,250,"heritability",0.999719089052426,1108.19809679099,987.727615590625,0.000390709709248543,0.0130252649978054,0.0299962963758797,4,250,1000,TRUE,TRUE,TRUE,TRUE,TRUE,TRUE,TRUE,"pass",""
"sparse_homogeneous",1,"st_bed_bayesc",1000,500,"effect_variance",1.00245736056173,1578.19015355423,1854.74223030077,8.81616562327668e-05,0.00356265953904947,0.0247460233756405,4,500,2000,TRUE,TRUE,TRUE,TRUE,TRUE,TRUE,TRUE,"pass",""
"sparse_homogeneous",1,"st_bed_bayesc",1000,500,"genetic_variance",0.999748971985656,2044.38579808451,1934.0756265487,0.000504127497857438,0.0225862095628469,0.0223201461252135,4,500,2000,TRUE,TRUE,TRUE,TRUE,TRUE,TRUE,TRUE,"pass",""
"sparse_homogeneous",1,"st_bed_bayesc",1000,500,"residual_variance",1.00073570772164,1778.51578272332,1775.1836059255,0.000537439714778979,0.022614978716982,0.023764767657084,4,500,2000,TRUE,TRUE,TRUE,TRUE,TRUE,TRUE,TRUE,"pass",""
"sparse_homogeneous",1,"st_bed_bayesc",1000,500,"heritability",1.00177515854106,2039.26864243337,2037.05170471801,0.00028331584724663,0.0127286883942311,0.0222580550699186,4,500,2000,TRUE,TRUE,TRUE,TRUE,TRUE,TRUE,TRUE,"pass",""
"sparse_homogeneous",1,"st_bed_bayesc",1000,1000,"effect_variance",1.00087492540689,3183.48145281298,3709.20241191,6.3379978440891e-05,0.00358666498482742,0.0176710059927553,4,1000,4000,TRUE,TRUE,TRUE,TRUE,TRUE,TRUE,TRUE,"pass",""
"sparse_homogeneous",1,"st_bed_bayesc",1000,1000,"genetic_variance",1.00085563044183,3977.59925001881,3988.05541285404,0.000352360842533027,0.0221778275632138,0.0158879782759916,4,1000,4000,TRUE,TRUE,TRUE,TRUE,TRUE,TRUE,TRUE,"pass",""
"sparse_homogeneous",1,"st_bed_bayesc",1000,1000,"residual_variance",1.00040399419178,3441.40085073447,3655.39587247432,0.000386170410488309,0.022621105328271,0.0170712440830947,4,1000,4000,TRUE,TRUE,TRUE,TRUE,TRUE,TRUE,TRUE,"pass",""
"sparse_homogeneous",1,"st_bed_bayesc",1000,1000,"heritability",1.00108559675971,3859.2959063704,3973.36476208323,0.000203228885377105,0.0126347868190811,0.0160848685685925,4,1000,4000,TRUE,TRUE,TRUE,TRUE,TRUE,TRUE,TRUE,"pass",""
"sparse_homogeneous",1,"st_bed_bayesc",1000,2000,"effect_variance",1.00047108798977,6469.75081471915,7574.38168819302,4.46727192146889e-05,0.00361455802284585,0.0123591097258184,4,2000,8000,TRUE,TRUE,TRUE,TRUE,TRUE,TRUE,TRUE,"pass",""
"sparse_homogeneous",1,"st_bed_bayesc",1000,2000,"genetic_variance",1.00040241776236,8339.31354542436,7986.31733403156,0.000244136123318536,0.0222845156562892,0.0109554152795614,4,2000,8000,TRUE,TRUE,TRUE,TRUE,TRUE,TRUE,TRUE,"pass",""
"sparse_homogeneous",1,"st_bed_bayesc",1000,2000,"residual_variance",1.00072255990882,7051.10263468141,7526.27818322355,0.00026923622385135,0.0225974102543231,0.0119144725356235,4,2000,8000,TRUE,TRUE,TRUE,TRUE,TRUE,TRUE,TRUE,"pass",""
"sparse_homogeneous",1,"st_bed_bayesc",1000,2000,"heritability",1.00017439265515,7852.32783897817,7748.72080691423,0.00014284042540015,0.0126717447613977,0.0112723565767588,4,2000,8000,TRUE,TRUE,TRUE,TRUE,TRUE,TRUE,TRUE,"pass",""
"sparse_mixture",1,"st_bed_bayesr",250,250,"effect_variance",1.00194569820746,214.364877824785,524.756368519461,3.52326455302331e-05,0.000526285709094761,0.0669458526450111,4,250,1000,TRUE,FALSE,TRUE,FALSE,TRUE,TRUE,FALSE,"fail","one or more operational thresholds failed"
"sparse_mixture",1,"st_bed_bayesr",250,250,"genetic_variance",0.999154149288254,910.903850052835,993.39155917713,0.000819154476019038,0.0247855381490753,0.0330496949911737,4,250,1000,TRUE,TRUE,TRUE,TRUE,TRUE,TRUE,TRUE,"pass",""
"sparse_mixture",1,"st_bed_bayesr",250,250,"residual_variance",1.00013683725096,870.463735473059,850.979597431056,0.000756010801669248,0.0222981964991951,0.0339045716857208,4,250,1000,TRUE,TRUE,TRUE,TRUE,TRUE,TRUE,TRUE,"pass",""
"sparse_mixture",1,"st_bed_bayesr",250,250,"heritability",1.00082418766162,881.168446663867,940.546179131116,0.000464048869173353,0.0137836323488525,0.0336666603859313,4,250,1000,TRUE,TRUE,TRUE,TRUE,TRUE,TRUE,TRUE,"pass",""
"sparse_mixture",1,"st_bed_bayesr",250,500,"effect_variance",1.00883891356973,439.649470959382,744.249817412506,2.78289611224008e-05,0.000576396651252395,0.0482809208935098,4,500,2000,TRUE,TRUE,TRUE,TRUE,TRUE,TRUE,TRUE,"pass",""
"sparse_mixture",1,"st_bed_bayesr",250,500,"genetic_variance",1.00050800162449,1491.03816198027,1895.34029102514,0.000643139299853547,0.024835040423548,0.0258964466691078,4,500,2000,TRUE,TRUE,TRUE,TRUE,TRUE,TRUE,TRUE,"pass",""
"sparse_mixture",1,"st_bed_bayesr",250,500,"residual_variance",1.0011244586259,1674.43676609533,1786.55335463181,0.000545344887342473,0.0223034036579253,0.0244511956877349,4,500,2000,TRUE,TRUE,TRUE,TRUE,TRUE,TRUE,TRUE,"pass",""
"sparse_mixture",1,"st_bed_bayesr",250,500,"heritability",1.00132273220092,1470.58421068184,1813.36106984786,0.000360111963934692,0.0137769345581257,0.0261387584019768,4,500,2000,TRUE,TRUE,TRUE,TRUE,TRUE,TRUE,TRUE,"pass",""
"sparse_mixture",1,"st_bed_bayesr",250,1000,"effect_variance",1.0108641585135,737.109582868551,1315.46347326687,2.07438272328354e-05,0.000558822935196529,0.0371205724144807,4,1000,4000,FALSE,TRUE,TRUE,TRUE,TRUE,TRUE,FALSE,"fail","one or more operational thresholds failed"
"sparse_mixture",1,"st_bed_bayesr",250,1000,"genetic_variance",1.00228243440103,2790.16999584619,3447.43430974322,0.000459201929019167,0.0242305649492271,0.0189513504939477,4,1000,4000,TRUE,TRUE,TRUE,TRUE,TRUE,TRUE,TRUE,"pass",""
"sparse_mixture",1,"st_bed_bayesr",250,1000,"residual_variance",1.00035479135978,3268.5213644716,3549.67997485928,0.000388376345317765,0.0222034316642774,0.0174917261074834,4,1000,4000,TRUE,TRUE,TRUE,TRUE,TRUE,TRUE,TRUE,"pass",""
"sparse_mixture",1,"st_bed_bayesr",250,1000,"heritability",1.00137916071709,2924.68926717587,3440.62355376521,0.000247573737497761,0.0133803692960144,0.0185027581840739,4,1000,4000,TRUE,TRUE,TRUE,TRUE,TRUE,TRUE,TRUE,"pass",""
"sparse_mixture",1,"st_bed_bayesr",250,2000,"effect_variance",1.00211810334748,1427.70966027705,2630.10401203019,1.48223447042326e-05,0.000559611214160489,0.0264868614658993,4,2000,8000,TRUE,TRUE,TRUE,TRUE,TRUE,TRUE,TRUE,"pass",""
"sparse_mixture",1,"st_bed_bayesr",250,2000,"genetic_variance",1.00035251884683,5285.33875677359,7134.0469332037,0.000333700447048545,0.0242226807836922,0.0137763631543709,4,2000,8000,TRUE,TRUE,TRUE,TRUE,TRUE,TRUE,TRUE,"pass",""
"sparse_mixture",1,"st_bed_bayesr",250,2000,"residual_variance",0.99998885133355,6626.46300949675,7388.70826895807,0.000274373372165722,0.0223301840671439,0.012287107501699,4,2000,8000,TRUE,TRUE,TRUE,TRUE,TRUE,TRUE,TRUE,"pass",""
"sparse_mixture",1,"st_bed_bayesr",250,2000,"heritability",1.00045153804416,5603.91038193087,7140.26362299813,0.000178652867206376,0.0133620120405519,0.0133702070215315,4,2000,8000,TRUE,TRUE,TRUE,TRUE,TRUE,TRUE,TRUE,"pass",""
"sparse_mixture",1,"st_bed_bayesr",500,250,"effect_variance",1.0155775353808,214.172518796019,268.888671789565,4.41927234856434e-05,0.000621582255201275,0.0710971446109467,4,250,1000,FALSE,FALSE,FALSE,FALSE,TRUE,TRUE,FALSE,"fail","one or more operational thresholds failed"
"sparse_mixture",1,"st_bed_bayesr",500,250,"genetic_variance",1.00388890183835,652.06859538806,917.340305118324,0.000978861405073286,0.0248897752606663,0.0393278522936363,4,250,1000,TRUE,TRUE,TRUE,TRUE,TRUE,TRUE,TRUE,"pass",""
"sparse_mixture",1,"st_bed_bayesr",500,250,"residual_variance",1.00792292037637,762.973542098691,883.537513022204,0.000807218880967359,0.0223195554494169,0.0361664408055425,4,250,1000,TRUE,TRUE,TRUE,TRUE,TRUE,TRUE,TRUE,"pass",""
"sparse_mixture",1,"st_bed_bayesr",500,250,"heritability",1.00629363370323,630.642516864884,917.959376773964,0.000551236336689468,0.0137736653734599,0.0400210344699989,4,250,1000,TRUE,TRUE,TRUE,TRUE,TRUE,TRUE,TRUE,"pass",""
"sparse_mixture",1,"st_bed_bayesr",500,500,"effect_variance",1.01219904340724,385.485232921439,553.74721042571,3.06152139825524e-05,0.000580196023247924,0.0527670179660473,4,500,2000,FALSE,FALSE,TRUE,FALSE,TRUE,TRUE,FALSE,"fail","one or more operational thresholds failed"
"sparse_mixture",1,"st_bed_bayesr",500,500,"genetic_variance",1.00231986937514,1274.79717051184,1502.10344853722,0.000679695031271842,0.0242268097074545,0.0280554905693052,4,500,2000,TRUE,TRUE,TRUE,TRUE,TRUE,TRUE,TRUE,"pass",""
"sparse_mixture",1,"st_bed_bayesr",500,500,"residual_variance",1.00104536797529,1551.52777806372,1682.0528547647,0.000567713539011892,0.022368533546391,0.0253800070458122,4,500,2000,TRUE,TRUE,TRUE,TRUE,TRUE,TRUE,TRUE,"pass",""
"sparse_mixture",1,"st_bed_bayesr",500,500,"heritability",1.0017412824744,1308.99325083416,1689.65911333248,0.000370595452217672,0.0134010050170677,0.0276543029232268,4,500,2000,TRUE,TRUE,TRUE,TRUE,TRUE,TRUE,TRUE,"pass",""
"sparse_mixture",1,"st_bed_bayesr",500,1000,"effect_variance",1.00286370731791,775.037026827433,1157.58557284617,2.04179901031429e-05,0.00055706813952345,0.0366525899697113,4,1000,4000,TRUE,TRUE,TRUE,TRUE,TRUE,TRUE,TRUE,"pass",""
"sparse_mixture",1,"st_bed_bayesr",500,1000,"genetic_variance",1.00071168441397,2614.67392939372,3234.03851397701,0.000472016707102136,0.0241044333248463,0.0195821532388232,4,1000,4000,TRUE,TRUE,TRUE,TRUE,TRUE,TRUE,TRUE,"pass",""
"sparse_mixture",1,"st_bed_bayesr",500,1000,"residual_variance",0.999708733994914,3153.21804887557,3586.94786170457,0.000397809736366913,0.0223278267072976,0.0178167692530905,4,1000,4000,TRUE,TRUE,TRUE,TRUE,TRUE,TRUE,TRUE,"pass",""
"sparse_mixture",1,"st_bed_bayesr",500,1000,"heritability",1.00050460781394,2724.28551174859,3368.40724493962,0.000254999353065291,0.0132922629571688,0.0191840436716432,4,1000,4000,TRUE,TRUE,TRUE,TRUE,TRUE,TRUE,TRUE,"pass",""
"sparse_mixture",1,"st_bed_bayesr",500,2000,"effect_variance",1.00500095699651,1387.10639529451,2393.75092001664,1.54009311984084e-05,0.000569284140517173,0.0270531534295287,4,2000,8000,TRUE,TRUE,TRUE,TRUE,TRUE,TRUE,TRUE,"pass",""
"sparse_mixture",1,"st_bed_bayesr",500,2000,"genetic_variance",1.00087062713521,4950.02933410059,6834.01113078304,0.000342343673982324,0.0240475458687724,0.0142361168931954,4,2000,8000,TRUE,TRUE,TRUE,TRUE,TRUE,TRUE,TRUE,"pass",""
"sparse_mixture",1,"st_bed_bayesr",500,2000,"residual_variance",0.999815211254348,6620.10154837675,7469.43791630373,0.000272547039011302,0.0221689462391742,0.0122940908454047,4,2000,8000,TRUE,TRUE,TRUE,TRUE,TRUE,TRUE,TRUE,"pass",""
"sparse_mixture",1,"st_bed_bayesr",500,2000,"heritability",1.00065319192714,5380.71054722397,6851.66882143344,0.000180633661078032,0.0132399877355599,0.0136430383989622,4,2000,8000,TRUE,TRUE,TRUE,TRUE,TRUE,TRUE,TRUE,"pass",""
"sparse_mixture",1,"st_bed_bayesr",1000,250,"effect_variance",1.01322524216526,188.402554309417,413.70360428047,3.93223379422184e-05,0.000537646249415417,0.073137937788971,4,250,1000,FALSE,FALSE,TRUE,FALSE,TRUE,TRUE,FALSE,"fail","one or more operational thresholds failed"
"sparse_mixture",1,"st_bed_bayesr",1000,250,"genetic_variance",1.00261534840891,755.659958860344,914.092390097023,0.000860856537315693,0.0235874331572823,0.036496406013128,4,250,1000,TRUE,TRUE,TRUE,TRUE,TRUE,TRUE,TRUE,"pass",""
"sparse_mixture",1,"st_bed_bayesr",1000,250,"residual_variance",0.999970765628494,864.927059262554,880.900507196707,0.000742330949648837,0.0217709957098122,0.034097243853402,4,250,1000,TRUE,TRUE,TRUE,TRUE,TRUE,TRUE,TRUE,"pass",""
"sparse_mixture",1,"st_bed_bayesr",1000,250,"heritability",0.999281195115792,802.569290585708,881.40436366241,0.000457303187492596,0.0129044489941993,0.0354376376471525,4,250,1000,TRUE,TRUE,TRUE,TRUE,TRUE,TRUE,TRUE,"pass",""
"sparse_mixture",1,"st_bed_bayesr",1000,500,"effect_variance",1.0082011647299,392.424447660228,764.095174733967,2.70492172350106e-05,0.000532569857666746,0.050789989042032,4,500,2000,TRUE,FALSE,TRUE,FALSE,TRUE,TRUE,FALSE,"fail","one or more operational thresholds failed"
"sparse_mixture",1,"st_bed_bayesr",1000,500,"genetic_variance",1.00130201570107,1381.55711225033,1850.75735410064,0.000646298707128826,0.0239833460250644,0.0269478123049801,4,500,2000,TRUE,TRUE,TRUE,TRUE,TRUE,TRUE,TRUE,"pass",""
"sparse_mixture",1,"st_bed_bayesr",1000,500,"residual_variance",0.999383954013573,1627.90821876164,1817.86907453673,0.000552815887255387,0.0222926372838912,0.0247981376189553,4,500,2000,TRUE,TRUE,TRUE,TRUE,TRUE,TRUE,TRUE,"pass",""
"sparse_mixture",1,"st_bed_bayesr",1000,500,"heritability",1.00013592673541,1444.58789341226,1771.5103854985,0.000346993568458738,0.0131842319914273,0.0263188306064671,4,500,2000,TRUE,TRUE,TRUE,TRUE,TRUE,TRUE,TRUE,"pass",""
"sparse_mixture",1,"st_bed_bayesr",1000,1000,"effect_variance",1.00487929588407,680.1227374462,1298.17044004096,2.09969619522807e-05,0.000548067919529289,0.0383108757219618,4,1000,4000,TRUE,TRUE,TRUE,TRUE,TRUE,TRUE,TRUE,"pass",""
"sparse_mixture",1,"st_bed_bayesr",1000,1000,"genetic_variance",1.00017498454394,2454.45740561107,3475.42938625927,0.000485825155073464,0.0240530745615914,0.0201980480220704,4,1000,4000,TRUE,TRUE,TRUE,TRUE,TRUE,TRUE,TRUE,"pass",""
"sparse_mixture",1,"st_bed_bayesr",1000,1000,"residual_variance",0.999999743324599,3417.2598595393,3665.31767231198,0.000382682379705466,0.0223607971212125,0.0171139864840702,4,1000,4000,TRUE,TRUE,TRUE,TRUE,TRUE,TRUE,TRUE,"pass",""
"sparse_mixture",1,"st_bed_bayesr",1000,1000,"heritability",0.999905710509992,2749.86732592196,3448.52468305788,0.000253527803012469,0.0132724403617779,0.0191018227320562,4,1000,4000,TRUE,TRUE,TRUE,TRUE,TRUE,TRUE,TRUE,"pass",""
"sparse_mixture",1,"st_bed_bayesr",1000,2000,"effect_variance",1.00174456664481,1378.69186441949,2561.42363488588,1.5348252542752e-05,0.000568484217564311,0.0269985552255295,4,2000,8000,TRUE,TRUE,TRUE,TRUE,TRUE,TRUE,TRUE,"pass",""
"sparse_mixture",1,"st_bed_bayesr",1000,2000,"genetic_variance",0.999787083492166,4909.32550164657,6907.87620767683,0.000341323018326071,0.0238748752300901,0.0142963267885854,4,2000,8000,TRUE,TRUE,TRUE,TRUE,TRUE,TRUE,TRUE,"pass",""
"sparse_mixture",1,"st_bed_bayesr",1000,2000,"residual_variance",0.999731692164369,6770.52097415187,7443.3855632648,0.000269005182428156,0.0221371744805647,0.0121517397201856,4,2000,8000,TRUE,TRUE,TRUE,TRUE,TRUE,TRUE,TRUE,"pass",""
"sparse_mixture",1,"st_bed_bayesr",1000,2000,"heritability",0.999758569304191,5327.97616155248,6978.53564502212,0.000180107954958185,0.0131333752973134,0.0137137598584446,4,2000,8000,TRUE,TRUE,TRUE,TRUE,TRUE,TRUE,TRUE,"pass",""
"sparse_homogeneous",1,"st_csr_sbayesc",250,250,"effect_variance",1.00056780833101,673.848107797624,730.02757348132,7.71585938517764e-05,0.00202148864669113,0.0381691947555943,4,250,1000,TRUE,TRUE,TRUE,TRUE,TRUE,TRUE,TRUE,"pass",""
"sparse_homogeneous",1,"st_csr_sbayesc",250,250,"genetic_variance",1.00361410470049,1250.62860147334,1006.360711517,0.000671202437114547,0.0238072534059033,0.0281931907755522,4,250,1000,TRUE,TRUE,TRUE,TRUE,TRUE,TRUE,TRUE,"pass",""
"sparse_homogeneous",1,"st_csr_sbayesc",250,250,"residual_variance",1.00340425470445,811.053722289796,733.943044174497,0.000849707006741406,0.0243103673980407,0.0349524543512201,4,250,1000,TRUE,TRUE,TRUE,TRUE,TRUE,TRUE,TRUE,"pass",""
"sparse_homogeneous",1,"st_csr_sbayesc",250,250,"heritability",1.00166615973869,1142.30978691609,1052.94834453852,0.000406052970339735,0.0137271213662297,0.0295803438686476,4,250,1000,TRUE,TRUE,TRUE,TRUE,TRUE,TRUE,TRUE,"pass",""
"sparse_homogeneous",1,"st_csr_sbayesc",250,500,"effect_variance",1.00165091365276,1285.75719067192,1535.17368993013,5.61158165523074e-05,0.00202045454207774,0.0277738575076281,4,500,2000,TRUE,TRUE,TRUE,TRUE,TRUE,TRUE,TRUE,"pass",""
"sparse_homogeneous",1,"st_csr_sbayesc",250,500,"genetic_variance",1.00160735330341,2404.2800509895,2031.40120636085,0.00048899133754794,0.0239228771829729,0.0204403230350562,4,500,2000,TRUE,TRUE,TRUE,TRUE,TRUE,TRUE,TRUE,"pass",""
"sparse_homogeneous",1,"st_csr_sbayesc",250,500,"residual_variance",1.0029642904739,1539.92895865717,1515.34747071207,0.000607268459817312,0.0238690893822201,0.0254416266198098,4,500,2000,TRUE,TRUE,TRUE,TRUE,TRUE,TRUE,TRUE,"pass",""
"sparse_homogeneous",1,"st_csr_sbayesc",250,500,"heritability",1.00027372640987,2133.1700459648,1885.7193186186,0.000297063546864318,0.0137132583717404,0.021662506372409,4,500,2000,TRUE,TRUE,TRUE,TRUE,TRUE,TRUE,TRUE,"pass",""
"sparse_homogeneous",1,"st_csr_sbayesc",250,1000,"effect_variance",1.00003789246261,2682.55224957326,3149.78970022232,3.96002820929803e-05,0.00205325136928065,0.0192866215434957,4,1000,4000,TRUE,TRUE,TRUE,TRUE,TRUE,TRUE,TRUE,"pass",""
"sparse_homogeneous",1,"st_csr_sbayesc",250,1000,"genetic_variance",1.00017760525029,4896.75652959223,4170.35517079479,0.000343393533774361,0.0240106636783686,0.0143017093727287,4,1000,4000,TRUE,TRUE,TRUE,TRUE,TRUE,TRUE,TRUE,"pass",""
"sparse_homogeneous",1,"st_csr_sbayesc",250,1000,"residual_variance",1.00048311545122,2939.4816062191,3323.64212382054,0.00043838758697052,0.0237868447972121,0.0184298334103521,4,1000,4000,TRUE,TRUE,TRUE,TRUE,TRUE,TRUE,TRUE,"pass",""
"sparse_homogeneous",1,"st_csr_sbayesc",250,1000,"heritability",1.0001626361211,4318.43854087425,3802.49922764308,0.00020962733755647,0.013776573577933,0.0152162173250573,4,1000,4000,TRUE,TRUE,TRUE,TRUE,TRUE,TRUE,TRUE,"pass",""
"sparse_homogeneous",1,"st_csr_sbayesc",250,2000,"effect_variance",1.00010179821865,5223.80232665974,6749.6742787232,2.83313238627025e-05,0.00206552533891079,0.0137162799840754,4,2000,8000,TRUE,TRUE,TRUE,TRUE,TRUE,TRUE,TRUE,"pass",""
"sparse_homogeneous",1,"st_csr_sbayesc",250,2000,"genetic_variance",1.00023429737766,9475.40660169923,7876.33062206986,0.000246844582704778,0.023995938894164,0.0102869316259516,4,2000,8000,TRUE,TRUE,TRUE,TRUE,TRUE,TRUE,TRUE,"pass",""
"sparse_homogeneous",1,"st_csr_sbayesc",250,2000,"residual_variance",0.99995603133848,6051.41520673576,7167.41616311282,0.000303951971201493,0.0236505125012019,0.0128518133036672,4,2000,8000,TRUE,TRUE,TRUE,TRUE,TRUE,TRUE,TRUE,"pass",""
"sparse_homogeneous",1,"st_csr_sbayesc",250,2000,"heritability",1.00019857551921,8438.15761547138,7705.02420025211,0.000149950848875711,0.0137627036779379,0.0108954499337283,4,2000,8000,TRUE,TRUE,TRUE,TRUE,TRUE,TRUE,TRUE,"pass",""
"sparse_homogeneous",1,"st_csr_sbayesc",500,250,"effect_variance",1.00316483382116,705.319454660434,759.508593847769,7.48546921769887e-05,0.00201570622132572,0.037135715207426,4,250,1000,TRUE,TRUE,TRUE,TRUE,TRUE,TRUE,TRUE,"pass",""
"sparse_homogeneous",1,"st_csr_sbayesc",500,250,"genetic_variance",1.00306612713732,1170.88773861786,931.58262103007,0.000706590330845409,0.0240480526278242,0.0293824344856875,4,250,1000,TRUE,TRUE,TRUE,TRUE,TRUE,TRUE,TRUE,"pass",""
"sparse_homogeneous",1,"st_csr_sbayesc",500,250,"residual_variance",1.0008094307861,734.135452062943,677.974522529464,0.000864367488839596,0.0234314274509015,0.0368892373565716,4,250,1000,TRUE,TRUE,TRUE,TRUE,TRUE,TRUE,TRUE,"pass",""
"sparse_homogeneous",1,"st_csr_sbayesc",500,250,"heritability",1.00092487446572,1010.08025314224,855.134540216607,0.000431421882245284,0.0137057524233095,0.0314774314405068,4,250,1000,TRUE,TRUE,TRUE,TRUE,TRUE,TRUE,TRUE,"pass",""
"sparse_homogeneous",1,"st_csr_sbayesc",500,500,"effect_variance",1.00062787245273,1366.76145489761,1571.8325822267,5.53395309745373e-05,0.00205628479389992,0.0269123864256085,4,500,2000,TRUE,TRUE,TRUE,TRUE,TRUE,TRUE,TRUE,"pass",""
"sparse_homogeneous",1,"st_csr_sbayesc",500,500,"genetic_variance",1.00188630283519,2437.96034112939,2009.43122289147,0.000488650794849113,0.0240629010611787,0.0203072270299721,4,500,2000,TRUE,TRUE,TRUE,TRUE,TRUE,TRUE,TRUE,"pass",""
"sparse_homogeneous",1,"st_csr_sbayesc",500,500,"residual_variance",1.00027662393304,1374.86484457674,1509.73320361927,0.000628589810016778,0.0233221280657417,0.0269525065742231,4,500,2000,TRUE,TRUE,TRUE,TRUE,TRUE,TRUE,TRUE,"pass",""
"sparse_homogeneous",1,"st_csr_sbayesc",500,500,"heritability",0.999886535383661,2147.01836634678,1705.51739760353,0.000295466133135476,0.0136969983773483,0.0215715972942006,4,500,2000,TRUE,TRUE,TRUE,TRUE,TRUE,TRUE,TRUE,"pass",""
"sparse_homogeneous",1,"st_csr_sbayesc",500,1000,"effect_variance",0.999534726162766,2764.16201502054,3171.25492484185,3.94408378502788e-05,0.0020724989818692,0.019030570434687,4,1000,4000,TRUE,TRUE,TRUE,TRUE,TRUE,TRUE,TRUE,"pass",""
"sparse_homogeneous",1,"st_csr_sbayesc",500,1000,"genetic_variance",1.00115419626958,4861.45005443594,4188.14590999869,0.000347666763535835,0.0242455842299631,0.0143393848644069,4,1000,4000,TRUE,TRUE,TRUE,TRUE,TRUE,TRUE,TRUE,"pass",""
"sparse_homogeneous",1,"st_csr_sbayesc",500,1000,"residual_variance",1.00006681703128,2877.882975355,3526.47678984103,0.000438532410825691,0.0235516778129533,0.0186200072159828,4,1000,4000,TRUE,TRUE,TRUE,TRUE,TRUE,TRUE,TRUE,"pass",""
"sparse_homogeneous",1,"st_csr_sbayesc",500,1000,"heritability",1.00008884125331,4335.37158137849,3890.7668336212,0.000209857729315563,0.0138244819206228,0.0151801514530903,4,1000,4000,TRUE,TRUE,TRUE,TRUE,TRUE,TRUE,TRUE,"pass",""
"sparse_homogeneous",1,"st_csr_sbayesc",500,2000,"effect_variance",1.00043317281334,5183.46115887619,6839.65571435037,2.83753276732092e-05,0.00206588166754055,0.0137352144215454,4,2000,8000,TRUE,TRUE,TRUE,TRUE,TRUE,TRUE,TRUE,"pass",""
"sparse_homogeneous",1,"st_csr_sbayesc",500,2000,"genetic_variance",1.00059697409207,9376.45551650304,7965.34736956323,0.000247763854253923,0.0239679144711972,0.0103373138514687,4,2000,8000,TRUE,TRUE,TRUE,TRUE,TRUE,TRUE,TRUE,"pass",""
"sparse_homogeneous",1,"st_csr_sbayesc",500,2000,"residual_variance",0.999908429711454,6133.07740907668,7183.50506239338,0.000300480561469623,0.023535077724866,0.0127673494424941,4,2000,8000,TRUE,TRUE,TRUE,TRUE,TRUE,TRUE,TRUE,"pass",""
"sparse_homogeneous",1,"st_csr_sbayesc",500,2000,"heritability",1.00030134442435,8504.2752265791,7595.3905032091,0.000148934744518197,0.0137159268722492,0.0108585257055817,4,2000,8000,TRUE,TRUE,TRUE,TRUE,TRUE,TRUE,TRUE,"pass",""
"sparse_homogeneous",1,"st_csr_sbayesc",1000,250,"effect_variance",1.00244616773762,748.500025963845,764.322098060761,7.69125554130761e-05,0.00207228844536117,0.0371147923858019,4,250,1000,TRUE,TRUE,TRUE,TRUE,TRUE,TRUE,TRUE,"pass",""
"sparse_homogeneous",1,"st_csr_sbayesc",1000,250,"genetic_variance",1.00000616347602,1185.50003434819,1051.74253577605,0.000703882025508658,0.0241289176931665,0.029171719778712,4,250,1000,TRUE,TRUE,TRUE,TRUE,TRUE,TRUE,TRUE,"pass",""
"sparse_homogeneous",1,"st_csr_sbayesc",1000,250,"residual_variance",1.00068776500798,782.994110840979,949.079760909302,0.000864339468715916,0.024178437049234,0.0357483598694109,4,250,1000,TRUE,TRUE,TRUE,TRUE,TRUE,TRUE,TRUE,"pass",""
"sparse_homogeneous",1,"st_csr_sbayesc",1000,250,"heritability",1.00080109912096,1035.31515449926,990.413619542801,0.00043379316701594,0.0139922648361141,0.0310023553796892,4,250,1000,TRUE,TRUE,TRUE,TRUE,TRUE,TRUE,TRUE,"pass",""
"sparse_homogeneous",1,"st_csr_sbayesc",1000,500,"effect_variance",0.999274797338754,1399.28671232661,1575.150070816,5.5843520286865e-05,0.00208905609524604,0.0267314604016357,4,500,2000,TRUE,TRUE,TRUE,TRUE,TRUE,TRUE,TRUE,"pass",""
"sparse_homogeneous",1,"st_csr_sbayesc",1000,500,"genetic_variance",0.99933877284126,2330.94435842984,2150.23440759001,0.000506080809096413,0.024430755323241,0.0207149063711091,4,500,2000,TRUE,TRUE,TRUE,TRUE,TRUE,TRUE,TRUE,"pass",""
"sparse_homogeneous",1,"st_csr_sbayesc",1000,500,"residual_variance",0.999374461173862,1582.64973071686,1781.23236418572,0.000597531235620447,0.0237741273794576,0.025133676878368,4,500,2000,TRUE,TRUE,TRUE,TRUE,TRUE,TRUE,TRUE,"pass",""
"sparse_homogeneous",1,"st_csr_sbayesc",1000,500,"heritability",0.999155023539941,2211.0933650594,1986.50751398415,0.000296643799676576,0.0139508358870343,0.0212635143928739,4,500,2000,TRUE,TRUE,TRUE,TRUE,TRUE,TRUE,TRUE,"pass",""
"sparse_homogeneous",1,"st_csr_sbayesc",1000,1000,"effect_variance",1.00001435167492,2650.64268835449,3438.36732374103,4.05252256581021e-05,0.00209782293363237,0.0193177531851712,4,1000,4000,TRUE,TRUE,TRUE,TRUE,TRUE,TRUE,TRUE,"pass",""
"sparse_homogeneous",1,"st_csr_sbayesc",1000,1000,"genetic_variance",0.999989327615941,4647.35337321245,4106.72655093138,0.000351159138125991,0.0239316994973997,0.0146733890822984,4,1000,4000,TRUE,TRUE,TRUE,TRUE,TRUE,TRUE,TRUE,"pass",""
"sparse_homogeneous",1,"st_csr_sbayesc",1000,1000,"residual_variance",0.999811183257578,3165.82897282863,3694.32777847465,0.000423020825105073,0.0237564304024264,0.01780658196283,4,1000,4000,TRUE,TRUE,TRUE,TRUE,TRUE,TRUE,TRUE,"pass",""
"sparse_homogeneous",1,"st_csr_sbayesc",1000,1000,"heritability",0.999951109514059,4339.31691723417,3970.16562443759,0.000208740482732396,0.013740838822532,0.0151912474506365,4,1000,4000,TRUE,TRUE,TRUE,TRUE,TRUE,TRUE,TRUE,"pass",""
"sparse_homogeneous",1,"st_csr_sbayesc",1000,2000,"effect_variance",1.00014755298199,5165.97513568734,6882.73126735537,2.85008429433336e-05,0.0020751277057019,0.0137345007080869,4,2000,8000,TRUE,TRUE,TRUE,TRUE,TRUE,TRUE,TRUE,"pass",""
"sparse_homogeneous",1,"st_csr_sbayesc",1000,2000,"genetic_variance",1.00004537453901,9007.68422842677,7826.8312330339,0.000252010716159266,0.0239188767072206,0.0105360598344148,4,2000,8000,TRUE,TRUE,TRUE,TRUE,TRUE,TRUE,TRUE,"pass",""
"sparse_homogeneous",1,"st_csr_sbayesc",1000,2000,"residual_variance",1.00012567272744,6292.71460006289,7411.53824021552,0.000299296390491024,0.0237198374786783,0.0126179781273822,4,2000,8000,TRUE,TRUE,TRUE,TRUE,TRUE,TRUE,TRUE,"pass",""
"sparse_homogeneous",1,"st_csr_sbayesc",1000,2000,"heritability",1.00005338548914,8381.5489968265,7524.30088653313,0.000150015481997123,0.0137347967490042,0.0109222935539981,4,2000,8000,TRUE,TRUE,TRUE,TRUE,TRUE,TRUE,TRUE,"pass",""
"sparse_mixture",1,"st_csr_sbayesr",250,250,"effect_variance",1.036711650629,184.420039624345,380.325484709881,4.90291790027831e-05,0.000669922591549694,0.0731863346918435,4,250,1000,FALSE,FALSE,FALSE,FALSE,TRUE,TRUE,FALSE,"fail","one or more operational thresholds failed"
"sparse_mixture",1,"st_csr_sbayesr",250,250,"genetic_variance",1.00074512274394,1013.52423189595,869.724405653132,0.00097462405840124,0.031159522426413,0.0312785300449625,4,250,1000,TRUE,TRUE,TRUE,TRUE,TRUE,TRUE,TRUE,"pass",""
"sparse_mixture",1,"st_csr_sbayesr",250,250,"residual_variance",1.00480499672846,656.158483416557,838.998647323132,0.00104965244610976,0.0268557389290628,0.0390848469625925,4,250,1000,TRUE,TRUE,TRUE,TRUE,TRUE,TRUE,TRUE,"pass",""
"sparse_mixture",1,"st_csr_sbayesr",250,250,"heritability",1.00006084723612,859.920544532259,920.489689011199,0.000613238830280437,0.0179624361078466,0.0341400702331547,4,250,1000,TRUE,TRUE,TRUE,TRUE,TRUE,TRUE,TRUE,"pass",""
"sparse_mixture",1,"st_csr_sbayesr",250,500,"effect_variance",1.02203258854692,322.20297087068,613.08097614155,4.01632720704808e-05,0.000715289041523499,0.0561497097522098,4,500,2000,FALSE,FALSE,TRUE,FALSE,TRUE,TRUE,FALSE,"fail","one or more operational thresholds failed"
"sparse_mixture",1,"st_csr_sbayesr",250,500,"genetic_variance",0.999788984297223,1887.26386186817,1886.14489479736,0.000732252377636793,0.0317891486326978,0.023034664630295,4,500,2000,TRUE,TRUE,TRUE,TRUE,TRUE,TRUE,TRUE,"pass",""
"sparse_mixture",1,"st_csr_sbayesr",250,500,"residual_variance",1.00099306724615,1445.30225519939,1548.89264261709,0.000712427278793584,0.0270630415869164,0.0263247305926621,4,500,2000,TRUE,TRUE,TRUE,TRUE,TRUE,TRUE,TRUE,"pass",""
"sparse_mixture",1,"st_csr_sbayesr",250,500,"heritability",0.999853292908888,1731.97334778803,1786.47136283542,0.000434564365079628,0.0180954793783038,0.0240150789042187,4,500,2000,TRUE,TRUE,TRUE,TRUE,TRUE,TRUE,TRUE,"pass",""
"sparse_mixture",1,"st_csr_sbayesr",250,1000,"effect_variance",1.01162682142052,464.667594351985,978.335861932899,3.58996275814641e-05,0.000762782453742024,0.047064044807729,4,1000,4000,FALSE,TRUE,TRUE,TRUE,TRUE,TRUE,FALSE,"fail","one or more operational thresholds failed"
"sparse_mixture",1,"st_csr_sbayesr",250,1000,"genetic_variance",1.00017847045671,3298.45186311122,3975.75084131251,0.00055476525126825,0.0317461804038517,0.0174750235842842,4,1000,4000,TRUE,TRUE,TRUE,TRUE,TRUE,TRUE,TRUE,"pass",""
"sparse_mixture",1,"st_csr_sbayesr",250,1000,"residual_variance",1.00070581423646,2851.99263788302,3230.3870022288,0.000503343008873026,0.0268520915157474,0.0187450206095805,4,1000,4000,TRUE,TRUE,TRUE,TRUE,TRUE,TRUE,TRUE,"pass",""
"sparse_mixture",1,"st_csr_sbayesr",250,1000,"heritability",1.00035872668708,3166.54273352447,3546.95600845583,0.00031996889144688,0.0180034426382732,0.0177726503689168,4,1000,4000,TRUE,TRUE,TRUE,TRUE,TRUE,TRUE,TRUE,"pass",""
"sparse_mixture",1,"st_csr_sbayesr",250,2000,"effect_variance",1.00298152844194,1000.06258379762,1927.14317938503,2.3848211260211e-05,0.000743026692298244,0.0320960357244321,4,2000,8000,TRUE,TRUE,TRUE,TRUE,TRUE,TRUE,TRUE,"pass",""
"sparse_mixture",1,"st_csr_sbayesr",250,2000,"genetic_variance",1.00051169464717,6605.43624249174,7032.21687897975,0.000383771396619288,0.0311488592968595,0.0123205602157631,4,2000,8000,TRUE,TRUE,TRUE,TRUE,TRUE,TRUE,TRUE,"pass",""
"sparse_mixture",1,"st_csr_sbayesr",250,2000,"residual_variance",1.00041837446371,5569.52368726957,6130.88763259718,0.000357592244547206,0.0266834139028756,0.0134012928723738,4,2000,8000,TRUE,TRUE,TRUE,TRUE,TRUE,TRUE,TRUE,"pass",""
"sparse_mixture",1,"st_csr_sbayesr",250,2000,"heritability",0.999937703714248,6339.51313535553,7259.72568111886,0.000222593539507713,0.0177137797730506,0.0125661232305915,4,2000,8000,TRUE,TRUE,TRUE,TRUE,TRUE,TRUE,TRUE,"pass",""
"sparse_mixture",1,"st_csr_sbayesr",500,250,"effect_variance",1.02623757500068,149.81169624599,282.217048695114,6.24766462819848e-05,0.000756155843557193,0.0826240342044772,4,250,1000,FALSE,FALSE,FALSE,FALSE,TRUE,TRUE,FALSE,"fail","one or more operational thresholds failed"
"sparse_mixture",1,"st_csr_sbayesr",500,250,"genetic_variance",0.999851528980137,1025.59971133124,898.856278375828,0.00101552947026066,0.0324216178442479,0.0313226031822108,4,250,1000,TRUE,TRUE,TRUE,TRUE,TRUE,TRUE,TRUE,"pass",""
"sparse_mixture",1,"st_csr_sbayesr",500,250,"residual_variance",1.00203759985089,720.569595654621,821.931121342397,0.00101771326245546,0.0272817288977279,0.0373038404666581,4,250,1000,TRUE,TRUE,TRUE,TRUE,TRUE,TRUE,TRUE,"pass",""
"sparse_mixture",1,"st_csr_sbayesr",500,250,"heritability",1.0011132744435,957.919308062351,879.886022031407,0.000589133529408684,0.0182364709569734,0.0323052377183431,4,250,1000,TRUE,TRUE,TRUE,TRUE,TRUE,TRUE,TRUE,"pass",""
"sparse_mixture",1,"st_csr_sbayesr",500,500,"effect_variance",1.00449388923611,235.309628738728,513.508447677209,5.19404532495673e-05,0.000784315601000731,0.0662239195335334,4,500,2000,TRUE,FALSE,TRUE,FALSE,TRUE,TRUE,FALSE,"fail","one or more operational thresholds failed"
"sparse_mixture",1,"st_csr_sbayesr",500,500,"genetic_variance",0.999782352512412,1705.13994705283,1856.24009392594,0.00078105777134567,0.0319904805463818,0.0244153184949268,4,500,2000,TRUE,TRUE,TRUE,TRUE,TRUE,TRUE,TRUE,"pass",""
"sparse_mixture",1,"st_csr_sbayesr",500,500,"residual_variance",1.00019274845447,1421.77751868394,1606.75015325909,0.000720708233144523,0.0271681356018602,0.0265277030307216,4,500,2000,TRUE,TRUE,TRUE,TRUE,TRUE,TRUE,TRUE,"pass",""
"sparse_mixture",1,"st_csr_sbayesr",500,500,"heritability",0.999507326319341,1695.63483750383,1807.81167645096,0.000437747759342252,0.0180942031484462,0.0241927072306493,4,500,2000,TRUE,TRUE,TRUE,TRUE,TRUE,TRUE,TRUE,"pass",""
"sparse_mixture",1,"st_csr_sbayesr",500,1000,"effect_variance",1.00522570093788,463.935217742297,965.797634381747,3.62933920075624e-05,0.000772824589388273,0.0469620047109142,4,1000,4000,TRUE,TRUE,TRUE,TRUE,TRUE,TRUE,TRUE,"pass",""
"sparse_mixture",1,"st_csr_sbayesr",500,1000,"genetic_variance",1.00016007307733,3310.09918261149,3469.45610548214,0.000553361983131316,0.0317534174107236,0.0174268481396411,4,1000,4000,TRUE,TRUE,TRUE,TRUE,TRUE,TRUE,TRUE,"pass",""
"sparse_mixture",1,"st_csr_sbayesr",500,1000,"residual_variance",1.00154082965917,2792.81168734442,3286.21971986349,0.000507414063989218,0.0268252177481872,0.0189155617953375,4,1000,4000,TRUE,TRUE,TRUE,TRUE,TRUE,TRUE,TRUE,"pass",""
"sparse_mixture",1,"st_csr_sbayesr",500,1000,"heritability",1.00061392432641,3323.10336191955,3641.40913152677,0.000311223391028308,0.0179367884374718,0.0173511212507882,4,1000,4000,TRUE,TRUE,TRUE,TRUE,TRUE,TRUE,TRUE,"pass",""
"sparse_mixture",1,"st_csr_sbayesr",500,2000,"effect_variance",1.00166141665239,978.440894923556,1914.86568807697,2.43435991188546e-05,0.000753220004406282,0.0323193741223631,4,2000,8000,TRUE,TRUE,TRUE,TRUE,TRUE,TRUE,TRUE,"pass",""
"sparse_mixture",1,"st_csr_sbayesr",500,2000,"genetic_variance",1.00005519819501,5835.2645715788,6738.93041384021,0.000409408705467905,0.0312891106753802,0.0130847025252797,4,2000,8000,TRUE,TRUE,TRUE,TRUE,TRUE,TRUE,TRUE,"pass",""
"sparse_mixture",1,"st_csr_sbayesr",500,2000,"residual_variance",1.00047388582512,5583.16337827096,6268.63640742977,0.000358000406616695,0.0267507650647099,0.0133828100149919,4,2000,8000,TRUE,TRUE,TRUE,TRUE,TRUE,TRUE,TRUE,"pass",""
"sparse_mixture",1,"st_csr_sbayesr",500,2000,"heritability",1.00012675915191,5996.05381268988,7454.73879613068,0.000229165876277721,0.0177412966267646,0.0129170872399484,4,2000,8000,TRUE,TRUE,TRUE,TRUE,TRUE,TRUE,TRUE,"pass",""
"sparse_mixture",1,"st_csr_sbayesr",1000,250,"effect_variance",1.03992411439327,110.898913353039,193.10767173133,7.5526018415531e-05,0.000788966490047233,0.0957277899230035,4,250,1000,FALSE,FALSE,FALSE,FALSE,TRUE,TRUE,FALSE,"fail","one or more operational thresholds failed"
"sparse_mixture",1,"st_csr_sbayesr",1000,250,"genetic_variance",1.00758984884037,863.618157642133,1070.78462943837,0.00108305284352183,0.0318043921790571,0.0340535620811208,4,250,1000,TRUE,TRUE,TRUE,TRUE,TRUE,TRUE,TRUE,"pass",""
"sparse_mixture",1,"st_csr_sbayesr",1000,250,"residual_variance",1.00510404854291,739.413970187319,876.48714834501,0.000963171616734767,0.0262169952978134,0.0367384441196851,4,250,1000,TRUE,TRUE,TRUE,TRUE,TRUE,TRUE,TRUE,"pass",""
"sparse_mixture",1,"st_csr_sbayesr",1000,250,"heritability",1.00941957582448,856.840840139236,940.903384909491,0.000610147484783659,0.0178485398097382,0.03418472834684,4,250,1000,TRUE,TRUE,TRUE,TRUE,TRUE,TRUE,TRUE,"pass",""
"sparse_mixture",1,"st_csr_sbayesr",1000,500,"effect_variance",1.01112597334062,249.072361974744,650.659845150941,4.85166050665879e-05,0.000759042265002161,0.0639181865142249,4,500,2000,FALSE,FALSE,TRUE,FALSE,TRUE,TRUE,FALSE,"fail","one or more operational thresholds failed"
"sparse_mixture",1,"st_csr_sbayesr",1000,500,"genetic_variance",1.0023288378822,1770.67902508378,1739.31431321209,0.000747869284512179,0.0315146893962119,0.0237308156558279,4,500,2000,TRUE,TRUE,TRUE,TRUE,TRUE,TRUE,TRUE,"pass",""
"sparse_mixture",1,"st_csr_sbayesr",1000,500,"residual_variance",1.00305232819645,1380.57433609754,1556.34585051311,0.000712601709988328,0.0264827955877931,0.026908099925704,4,500,2000,TRUE,TRUE,TRUE,TRUE,TRUE,TRUE,TRUE,"pass",""
"sparse_mixture",1,"st_csr_sbayesr",1000,500,"heritability",1.00271689308851,1687.45882791525,1831.36521579723,0.000433109522439074,0.0177812131800545,0.0243577037209643,4,500,2000,TRUE,TRUE,TRUE,TRUE,TRUE,TRUE,TRUE,"pass",""
"sparse_mixture",1,"st_csr_sbayesr",1000,1000,"effect_variance",1.0061907957632,531.113109007506,1076.68684199876,3.18240201218433e-05,0.00072140335015047,0.044114045374485,4,1000,4000,TRUE,TRUE,TRUE,TRUE,TRUE,TRUE,TRUE,"pass",""
"sparse_mixture",1,"st_csr_sbayesr",1000,1000,"genetic_variance",1.00079684758564,3579.58393367501,3522.5462283249,0.000513661965527814,0.0307357083249114,0.0167122215013828,4,1000,4000,TRUE,TRUE,TRUE,TRUE,TRUE,TRUE,TRUE,"pass",""
"sparse_mixture",1,"st_csr_sbayesr",1000,1000,"residual_variance",1.00155264033196,2775.07575217829,2888.33799847693,0.000506908236997093,0.0267006436619563,0.0189848695565099,4,1000,4000,TRUE,TRUE,TRUE,TRUE,TRUE,TRUE,TRUE,"pass",""
"sparse_mixture",1,"st_csr_sbayesr",1000,1000,"heritability",1.00066782307524,3497.05156554031,3687.84130619171,0.000296273281047143,0.0175219309881147,0.0169087117879935,4,1000,4000,TRUE,TRUE,TRUE,TRUE,TRUE,TRUE,TRUE,"pass",""
"sparse_mixture",1,"st_csr_sbayesr",1000,2000,"effect_variance",1.00259731461216,1043.3231753951,2171.84228107486,2.32188674313401e-05,0.0007440796260416,0.0312048154776946,4,2000,8000,TRUE,TRUE,TRUE,TRUE,TRUE,TRUE,TRUE,"pass",""
"sparse_mixture",1,"st_csr_sbayesr",1000,2000,"genetic_variance",1.00054190620905,6102.82897139913,7179.11164324008,0.000397899306352879,0.0311643318831853,0.0127677791343111,4,2000,8000,TRUE,TRUE,TRUE,TRUE,TRUE,TRUE,TRUE,"pass",""
"sparse_mixture",1,"st_csr_sbayesr",1000,2000,"residual_variance",0.999936884736351,5557.92048098874,6325.92538879524,0.000357760325471399,0.0266693494376743,0.0134146626376274,4,2000,8000,TRUE,TRUE,TRUE,TRUE,TRUE,TRUE,TRUE,"pass",""
"sparse_mixture",1,"st_csr_sbayesr",1000,2000,"heritability",1.00006000795882,6177.16415331177,7620.13381770518,0.000225145791478001,0.017693677790463,0.0127246462914204,4,2000,8000,TRUE,TRUE,TRUE,TRUE,TRUE,TRUE,TRUE,"pass",""
